fighter_name,fighter_url,height_cm,weight_kg,reach_cm,stance,dob,age,wins,losses,draws,nc,total_fights,reach_to_height_ratio,record,significant_strikes_landed_per_minute,significant_strike_accuracy,significant_strikes_absorbed_per_minute,significant_strike_defense,takedown_average_per_15_min,takedown_accuracy,takedown_defense,submission_average_per_15_min
Mark Choinski,001eb2ab0f30e7ea,173,70,175,Orthodox,1995-10-22,29,8.0,1.0,0.0,,9,1.0115606936416186,8-1-0,3.87,50.0,7.33,,2.0,18.0,0.0,0.0
Jiri Prochazka,009341ed974bad72,190,93,203,Orthodox,1992-10-14,32,31.0,5.0,1.0,,37,1.068421052631579,31-5-1,5.74,55.0,5.7,,0.6,60.0,68.0,0.2
Denis Tiuliulin,0112352cb32f5026,185,84,196,Orthodox,1988-05-17,37,10.0,10.0,0.0,1.0,21,1.0594594594594595,10-10-0 (1 NC),3.61,41.0,5.23,,0.96,42.0,72.0,0.0
Gabriel Bonfim,01641ba5df0c69b0,185,77,183,Orthodox,1997-08-20,28,18.0,1.0,0.0,,19,0.9891891891891892,18-1-0,4.54,45.0,3.53,,4.03,55.0,76.0,1.6
Shavkat Rakhmonov,01afe0916a40c7c5,185,77,196,Orthodox,1994-10-23,30,19.0,0.0,0.0,,19,1.0594594594594595,19-0-0,3.25,60.0,2.17,,1.4,25.0,85.0,1.2
Michael Aswell,01c9e4013afce141,173,66,175,Orthodox,2000-09-27,24,10.0,3.0,0.0,,13,1.0115606936416186,10-3-0,9.1,44.0,7.93,,0.0,0.0,57.0,0.0
Adrian Yanez,0232cabbc30a2372,170,61,178,Orthodox,1993-11-29,31,17.0,6.0,0.0,,23,1.0470588235294118,17-6-0,6.23,41.0,5.75,,0.0,0.0,81.0,0.0
Dustin Poirier,029eaff01e6bb8f0,175,70,183,Southpaw,1989-01-19,36,30.0,10.0,0.0,1.0,41,1.0457142857142858,30-10-0 (1 NC),5.24,50.0,4.57,,1.15,35.0,64.0,1.2
Rayanne dos Santos,02bb48869eb7ac8f,157,52,157,Orthodox,1995-06-08,30,14.0,9.0,0.0,,23,1.0,14-9-0,4.57,40.0,6.47,,0.5,14.0,80.0,0.0
Uran Satybaldiev,02f484417a6fa69d,193,93,201,Orthodox,1994-08-10,31,9.0,1.0,0.0,,10,1.0414507772020725,9-1-0,2.14,25.0,3.66,,0.0,0.0,50.0,1.7
Zachary Scroggin,03dee485905dbc9f,190,77,188,Orthodox,1996-03-09,29,7.0,1.0,0.0,,8,0.9894736842105263,7-1-0,2.4,37.0,8.8,,0.0,0.0,0.0,0.0
Arnold Allen,040a74bb0a465c54,173,66,178,Southpaw,1994-01-22,31,20.0,3.0,0.0,,23,1.0289017341040463,20-3-0,3.45,41.0,2.88,,0.93,47.0,75.0,0.3
Casey O'Neill,04835018f90b118c,168,57,175,Orthodox,1997-10-07,27,10.0,2.0,0.0,,12,1.0416666666666667,10-2-0,7.89,52.0,5.65,,1.45,34.0,70.0,0.7
Rob Font,05339613bf8e9808,173,61,180,Orthodox,1987-06-25,38,22.0,8.0,0.0,,30,1.0404624277456647,22-8-0,5.49,46.0,3.67,,0.79,34.0,42.0,0.4
Henry Cejudo,056c493bbd76a918,163,61,163,Orthodox,1987-02-09,38,16.0,5.0,0.0,,21,1.0,16-5-0,3.82,47.0,3.46,,1.84,31.0,76.0,0.1
Andrea Lee,05fa626cb33d15b8,168,57,175,Orthodox,1989-02-11,36,13.0,11.0,0.0,,24,1.0416666666666667,13-11-0,4.62,45.0,3.91,,1.65,52.0,53.0,0.6
Chris Padilla,06626b6287e1ae1e,175,70,188,Orthodox,1995-09-14,29,16.0,6.0,0.0,,22,1.0742857142857143,16-6-0,4.13,51.0,3.68,,1.56,30.0,100.0,0.5
Shara Magomedov,06734ca9d88dec3a,188,84,185,Orthodox,1994-05-16,31,16.0,1.0,0.0,,17,0.9840425531914894,16-1-0,5.93,62.0,3.85,,0.0,0.0,71.0,0.0
Ailin Perez,06e4245d16fc5315,165,61,168,Switch,1994-10-05,30,12.0,2.0,0.0,,14,1.018181818181818,12-2-0,3.1,54.0,1.79,,4.68,46.0,66.0,0.2
Daria Zhelezniakova,07047eb7d17fb0a2,175,61,173,Orthodox,1996-01-23,29,10.0,2.0,0.0,,12,0.9885714285714285,10-2-0,4.75,41.0,2.83,,0.44,100.0,50.0,0.0
Charles Oliveira,07225ba28ae309b6,178,70,188,Orthodox,1989-10-17,35,35.0,11.0,0.0,1.0,47,1.0561797752808988,35-11-0 (1 NC),3.41,55.0,3.26,,2.23,39.0,56.0,2.6
CJ Vergara,077e3ace32b72be9,168,57,173,Orthodox,1991-06-18,34,12.0,7.0,1.0,,20,1.0297619047619047,12-7-1,5.02,56.0,4.69,,0.0,0.0,60.0,0.2
Billy Elekana,07a74004d964c7f4,190,93,196,Southpaw,1995-05-28,30,8.0,2.0,0.0,,10,1.0315789473684212,8-2-0,2.34,57.0,3.18,,0.64,25.0,0.0,0.0
Jon Jones,07f72a2a7591b409,193,112,213,Orthodox,1987-07-19,38,28.0,1.0,0.0,1.0,30,1.1036269430051813,28-1-0 (1 NC),4.38,58.0,2.24,,1.89,45.0,95.0,0.5
Carlos Vera,07f959e6596307bb,168,61,175,Orthodox,1987-11-05,37,12.0,4.0,0.0,,16,1.0416666666666667,12-4-0,1.53,57.0,2.79,,0.0,0.0,25.0,1.6
Jarno Errens,082eba4cd80f736f,180,66,185,Orthodox,1994-11-17,30,14.0,6.0,1.0,,21,1.0277777777777777,14-6-1,3.29,44.0,3.29,,0.0,0.0,33.0,0.3
Volkan Oezdemir,0845c81e37d3bcb3,188,93,190,Orthodox,1989-09-19,35,20.0,8.0,0.0,,28,1.0106382978723405,20-8-0,4.95,48.0,4.22,,0.5,29.0,80.0,0.1
Beneil Dariush,08af939f41b5a57b,178,70,183,Southpaw,1989-05-06,36,23.0,6.0,1.0,,30,1.0280898876404494,23-6-1,3.78,49.0,2.61,,2.12,38.0,82.0,0.8
Anthony Hernandez,093e1f5bb73850be,183,84,190,Orthodox,1993-10-18,31,15.0,2.0,0.0,1.0,18,1.0382513661202186,15-2-0 (1 NC),4.59,62.0,2.53,,6.46,48.0,68.0,1.8
Marcus Buchecha,095854a135e6db55,188,116,196,Orthodox,1990-01-08,35,5.0,2.0,0.0,,7,1.0425531914893618,5-2-0,1.6,40.0,2.73,,1.0,9.0,0.0,0.0
Rafael Cerqueira,09a4447655fd4b7b,190,93,193,Southpaw,1990-03-15,35,11.0,3.0,0.0,,14,1.0157894736842106,11-3-0,1.61,44.0,4.88,,0.0,0.0,40.0,0.0
Jimmy Flick,09e62c450e754913,170,57,173,Orthodox,1990-09-07,35,17.0,9.0,0.0,,26,1.0176470588235293,17-9-0,1.67,50.0,4.7,,2.36,33.0,0.0,3.5
Jack Hermansson,0a1942069c9ad6b6,185,84,196,Orthodox,1988-06-10,37,24.0,9.0,0.0,,33,1.0594594594594595,24-9-0,5.13,45.0,3.7,,1.5,29.0,80.0,0.4
Bruno Lopes,0abcf6bc47191219,188,93,188,Orthodox,1993-04-24,32,14.0,2.0,0.0,,16,1.0,14-2-0,2.81,43.0,3.38,,2.51,33.0,100.0,0.0
Trevor Peek,0bc697c5936a2d0a,175,66,178,Switch,1995-01-09,30,9.0,3.0,0.0,1.0,13,1.0171428571428571,9-3-0 (1 NC),4.39,53.0,3.88,,1.45,50.0,52.0,0.0
Mitch Raposo,0be6776db31d98ec,165,57,163,Switch,1998-10-16,26,9.0,3.0,0.0,,12,0.9878787878787879,9-3-0,1.62,33.0,3.2,,3.54,37.0,50.0,0.0
Lukasz Brzeski,0c25d0a5e8cdbf19,190,107,198,Orthodox,1992-05-17,33,9.0,7.0,1.0,1.0,18,1.0421052631578946,9-7-1 (1 NC),4.9,50.0,3.65,,0.41,33.0,35.0,0.4
Brad Tavares,0c6d9ea8306c029e,185,84,188,Orthodox,1987-12-21,37,21.0,12.0,0.0,,33,1.0162162162162163,21-12-0,3.42,43.0,3.36,,0.73,26.0,81.0,0.0
Robert Valentin,0cd0456d6029cec2,188,84,196,Orthodox,1995-03-31,30,11.0,6.0,0.0,1.0,18,1.0425531914893618,11-6-0 (1 NC),1.13,56.0,2.83,,0.0,0.0,55.0,1.3
Mick Parkin,0d5cc0170c1a7e71,193,120,201,Orthodox,1995-10-02,29,10.0,1.0,0.0,,11,1.0414507772020725,10-1-0,4.7,50.0,4.13,,1.38,46.0,50.0,0.2
Michal Oleksiejczuk,0d65c432720accb9,183,84,188,Southpaw,1995-02-22,30,21.0,9.0,0.0,1.0,31,1.0273224043715847,21-9-0 (1 NC),5.34,51.0,4.41,,1.02,43.0,52.0,0.0
Dricus Du Plessis,0d7b51c9d2649a6e,185,84,193,Switch,1994-01-14,31,23.0,3.0,0.0,,26,1.0432432432432432,23-3-0,5.18,48.0,4.33,,2.22,51.0,34.0,0.7
Sean Strickland,0d8011111be000b2,185,84,193,Orthodox,1991-02-27,34,29.0,7.0,0.0,,36,1.0432432432432432,29-7-0,5.95,42.0,4.57,,0.73,64.0,76.0,0.2
Timmy Cuamba,0e46690e55a8df75,175,66,180,Orthodox,1999-02-08,26,9.0,3.0,0.0,,12,1.0285714285714285,9-3-0,3.12,42.0,4.3,,1.11,26.0,80.0,0.0
Nikolay Veretennikov,0f1efce7d2571d10,185,77,188,Orthodox,1989-12-22,35,13.0,6.0,0.0,,19,1.0162162162162163,13-6-0,3.01,55.0,3.43,,0.55,18.0,62.0,0.0
Sean Sharaf,0f3a990526c5e706,190,114,196,Orthodox,1993-07-11,32,4.0,1.0,0.0,,5,1.0315789473684212,4-1-0,7.31,44.0,9.79,,2.07,12.0,0.0,0.0
Said Nurmagomedov,0fd5f4b838e890cc,173,61,178,Orthodox,1992-04-05,33,18.0,5.0,0.0,,23,1.0289017341040463,18-5-0,3.08,48.0,2.05,,0.86,15.0,63.0,1.1
Irina Alekseeva,103e2e33a60683e1,173,61,170,Orthodox,1990-06-27,35,5.0,3.0,0.0,,8,0.9826589595375722,5-3-0,4.01,39.0,5.03,,0.47,20.0,66.0,0.5
Nikita Krylov,1091d4d957141094,190,93,196,Orthodox,1992-03-07,33,30.0,11.0,0.0,,41,1.0315789473684212,30-11-0,4.31,54.0,2.58,,2.17,38.0,53.0,1.4
Davey Grant,113df4fde64735c6,173,61,175,Orthodox,1985-12-18,39,17.0,7.0,0.0,,24,1.0115606936416186,17-7-0,5.18,44.0,3.74,,1.04,40.0,63.0,0.2
Lucas Alexander,11583163f45c7b31,180,66,185,Orthodox,1995-07-28,30,8.0,5.0,0.0,,13,1.0277777777777777,8-5-0,4.69,57.0,2.87,,0.0,0.0,60.0,0.0
ChangHo Lee,117a06469813e4ef,173,61,175,Orthodox,1994-05-09,31,11.0,1.0,0.0,,12,1.0115606936416186,11-1-0,4.92,67.0,2.35,,3.27,33.0,37.0,0.4
Bruno Silva,12ebd7d157e91701,183,84,188,Orthodox,1989-07-13,36,23.0,13.0,0.0,,36,1.0273224043715847,23-13-0,3.86,48.0,5.35,,0.77,22.0,74.0,0.0
Valentina Shevchenko,132deb59abae64b1,165,57,168,Southpaw,1988-03-07,37,25.0,4.0,1.0,,30,1.018181818181818,25-4-1,3.14,52.0,2.06,,2.62,60.0,75.0,0.3
Israel Adesanya,1338e2c7480bdf9e,193,84,203,Switch,1989-07-22,36,24.0,5.0,0.0,,29,1.0518134715025906,24-5-0,4.02,48.0,3.2,,0.05,11.0,76.0,0.1
Jared Cannonier,13a0275fa13c4d26,180,84,196,Switch,1984-03-16,41,18.0,9.0,0.0,,27,1.0888888888888888,18-9-0,4.42,49.0,4.35,,0.54,40.0,64.0,0.0
Robelis Despaigne,140567899d98978a,201,120,213,Orthodox,1988-09-09,36,5.0,2.0,0.0,,7,1.0597014925373134,5-2-0,2.11,59.0,2.54,,0.0,0.0,50.0,0.0
Tresean Gore,147e70aa6cc48cfc,183,84,190,Switch,1994-06-21,31,6.0,4.0,0.0,,10,1.0382513661202186,6-4-0,2.76,42.0,7.48,,1.83,75.0,88.0,0.9
Toshiomi Kazama,148bb103cfbf123e,170,61,175,Orthodox,1997-05-15,28,11.0,5.0,0.0,,16,1.0294117647058822,11-5-0,1.49,53.0,4.56,,1.94,16.0,66.0,1.0
Ange Loosa,1497e735d9f2560a,178,77,188,Orthodox,1993-03-18,32,10.0,5.0,0.0,1.0,16,1.0561797752808988,10-5-0 (1 NC),5.46,46.0,6.59,,2.53,39.0,83.0,0.2
Max Holloway,150ff4cc642270b9,180,66,175,Orthodox,1991-12-04,33,27.0,8.0,0.0,,35,0.9722222222222222,27-8-0,7.2,48.0,4.74,,0.24,53.0,83.0,0.3
Roberto Romero,15ea371202eb25e1,173,66,178,Orthodox,2000-01-30,25,8.0,5.0,1.0,,14,1.0289017341040463,8-5-1,4.56,49.0,6.44,,0.0,0.0,71.0,0.0
Quillan Salkilld,17734443a833cdf7,183,70,190,Orthodox,1999-12-28,25,9.0,1.0,0.0,,10,1.0382513661202186,9-1-0,5.48,59.0,3.46,,8.41,37.0,100.0,0.5
Tallison Teixeira,17923f676f100e16,201,117,211,Orthodox,1999-12-07,25,8.0,1.0,0.0,,9,1.0497512437810945,8-1-0,12.83,59.0,8.98,,0.0,0.0,0.0,0.0
Nyamjargal Tumendemberel,17cb6d8e8187f304,170,57,180,Orthodox,1998-03-22,27,9.0,1.0,0.0,,10,1.0588235294117647,9-1-0,3.18,39.0,3.33,,3.1,38.0,54.0,2.6
Joshua Van,17e97649403ba428,165,57,165,Orthodox,2001-10-10,23,15.0,2.0,0.0,,17,1.0,15-2-0,8.86,56.0,6.36,,0.85,63.0,81.0,0.0
Jeremy Stephens,18968f97ad34f15c,175,70,180,Orthodox,1986-05-25,39,28.0,20.0,0.0,1.0,49,1.0285714285714285,28-20-0 (1 NC),3.15,40.0,3.14,,1.11,38.0,62.0,0.4
Alatengheili,1897b7b913736a7c,165,61,168,Orthodox,1991-12-14,33,17.0,10.0,2.0,,29,1.018181818181818,17-10-2,2.82,32.0,5.12,,1.74,43.0,75.0,0.0
Vinicius Oliveira,18d01f7f8338ae72,175,61,178,Switch,1995-11-30,29,23.0,3.0,0.0,,26,1.0171428571428571,23-3-0,5.28,43.0,2.89,,1.67,50.0,80.0,0.2
Dan Hooker,193b9d1858bc4df3,183,70,190,Switch,1990-02-13,35,24.0,12.0,0.0,,36,1.0382513661202186,24-12-0,5.03,48.0,4.72,,0.73,34.0,78.0,0.3
Viacheslav Borshchev,19c591115a58982c,180,70,175,Orthodox,1992-01-08,33,8.0,6.0,1.0,,15,0.9722222222222222,8-6-1,5.22,54.0,4.73,,0.0,0.0,42.0,0.1
Puja Tomar,19f8a2f6eecd92ac,163,52,150,Southpaw,1993-12-05,31,9.0,5.0,0.0,,14,0.9202453987730062,9-5-0,5.61,48.0,5.82,,0.0,0.0,100.0,0.0
Serhiy Sidey,1a2bf44edb8055b6,180,61,183,Switch,1996-07-04,29,12.0,2.0,0.0,,14,1.0166666666666666,12-2-0,4.49,39.0,4.26,,1.58,25.0,20.0,1.3
Matheus Nicolau,1a31ef98efce7a79,168,57,168,Orthodox,1993-01-06,32,19.0,6.0,1.0,,26,1.0,19-6-1,3.31,51.0,2.98,,1.22,43.0,90.0,0.8
Don'Tale Mayes,1a9480fc288e55d7,198,118,206,Orthodox,1992-01-16,33,11.0,9.0,0.0,1.0,21,1.0404040404040404,11-9-0 (1 NC),3.22,43.0,3.61,,0.59,38.0,46.0,0.0
Ricardo Ramos,1ae8f3c723aacff4,175,66,183,Orthodox,1995-08-01,30,17.0,7.0,0.0,,24,1.0457142857142858,17-7-0,2.97,36.0,4.06,,2.57,57.0,70.0,0.7
Kayla Harrison,1af1170ed937cba7,173,61,168,Southpaw,1990-07-02,35,19.0,1.0,0.0,,20,0.9710982658959537,19-1-0,4.29,62.0,1.1,,2.84,37.0,100.0,0.9
Stephanie Luciano,1b35af4d1529adf6,168,52,165,Orthodox,1999-12-16,25,6.0,2.0,1.0,,9,0.9821428571428571,6-2-1,5.36,41.0,3.38,,0.67,66.0,80.0,0.0
Axel Sola,1d2d98ddd05b38fb,188,77,188,Southpaw,1997-09-17,27,11.0,0.0,1.0,,12,1.0,11-0-1,3.74,42.0,2.74,,1.25,25.0,0.0,0.0
Fares Ziam,1e4f273069fb9e85,185,70,190,Orthodox,1997-03-21,28,17.0,4.0,0.0,,21,1.027027027027027,17-4-0,2.85,51.0,1.62,,1.62,40.0,70.0,0.2
Brunno Ferreira,1e719d4b676dc19a,178,84,183,Orthodox,1992-11-04,32,14.0,2.0,0.0,,16,1.0280898876404494,14-2-0,3.41,50.0,3.34,,1.39,28.0,57.0,1.0
Zhang Weili,1ebe20ebbfa15e29,163,52,160,Switch,1989-08-13,36,26.0,3.0,0.0,,29,0.9815950920245399,26-3-0,5.15,53.0,2.77,,2.24,45.0,74.0,0.5
Garrett Armfield,1effd880e1f1bb30,168,61,178,Orthodox,1996-10-09,28,10.0,5.0,0.0,,15,1.0595238095238095,10-5-0,5.35,53.0,3.64,,1.1,50.0,64.0,0.6
Melquizael Costa,20bccc9bb4ceb23e,178,66,180,Southpaw,1996-09-14,28,24.0,7.0,0.0,,31,1.0112359550561798,24-7-0,4.44,49.0,3.09,,1.96,38.0,58.0,1.2
Tony Ferguson,22a92d7f62195791,180,77,193,Orthodox,1984-02-12,41,26.0,11.0,0.0,,37,1.0722222222222222,26-11-0,4.91,45.0,4.37,,0.39,35.0,66.0,0.9
Andrey Pulyaev,22e07d3da1aa3475,193,84,198,Southpaw,1997-09-10,27,10.0,3.0,0.0,,13,1.0259067357512954,10-3-0,3.81,60.0,3.51,,0.41,16.0,64.0,0.0
Gilbert Burns,23024fdfc966410a,178,77,180,Orthodox,1986-07-20,39,22.0,9.0,0.0,,31,1.0112359550561798,22-9-0,3.15,48.0,3.64,,2.12,37.0,53.0,0.5
Kevin Vallejos,239d8e5359022f3b,170,66,173,Switch,2001-12-08,23,16.0,1.0,0.0,,17,1.0176470588235293,16-1-0,6.28,45.0,5.23,,0.84,33.0,83.0,0.0
Zachary Reese,23dec7c47cb418f8,193,84,196,Switch,1994-03-24,31,9.0,2.0,0.0,,11,1.0155440414507773,9-2-0,4.28,54.0,2.99,,2.88,58.0,57.0,1.2
Kron Gracie,242d36d241b43c12,175,66,178,Southpaw,1988-07-11,37,5.0,3.0,0.0,,8,1.0171428571428571,5-3-0,2.95,42.0,5.73,,0.35,25.0,0.0,0.7
Aiemann Zahabi,24656ef4d605c96f,173,61,173,Orthodox,1987-11-19,37,13.0,2.0,0.0,,15,1.0,13-2-0,4.42,46.0,4.13,,0.14,14.0,83.0,0.0
Allan Nascimento,253076a23d03dcd0,173,57,175,Orthodox,1991-09-11,33,21.0,6.0,0.0,,27,1.0115606936416186,21-6-0,2.64,60.0,1.96,,1.42,24.0,30.0,0.9
Khaos Williams,2558ae2e5671e318,183,77,196,Orthodox,1994-03-30,31,15.0,5.0,0.0,,20,1.0710382513661203,15-5-0,4.94,39.0,5.39,,0.0,0.0,51.0,0.0
Jhonata Diniz,25f9a5f3e8a52618,193,115,201,Orthodox,1991-06-23,34,9.0,1.0,0.0,,10,1.0414507772020725,9-1-0,4.58,56.0,3.71,,0.0,0.0,78.0,0.0
Ihor Potieria,260bd4cef10b033f,190,84,190,Southpaw,1996-05-29,29,20.0,8.0,0.0,,28,1.0,20-8-0,4.44,50.0,4.96,,0.73,18.0,66.0,0.0
Rodolfo Vieira,260e9e0d4954aea6,183,84,185,Orthodox,1989-09-25,35,11.0,3.0,0.0,,14,1.010928961748634,11-3-0,3.77,55.0,4.12,,3.09,23.0,100.0,1.0
Alexander Hernandez,262a7d06203657e6,175,70,183,Orthodox,1992-10-01,32,17.0,8.0,0.0,,25,1.0457142857142858,17-8-0,4.36,40.0,4.6,,1.2,36.0,73.0,0.1
Natalia Silva,262d32ebda89efc4,163,57,165,Southpaw,1997-02-03,28,19.0,5.0,1.0,,25,1.0122699386503067,19-5-1,5.04,46.0,2.46,,0.34,25.0,92.0,0.0
Islam Makhachev,275aca31f61ba28c,178,77,178,Southpaw,1991-10-27,33,27.0,1.0,0.0,,28,1.0,27-1-0,2.63,58.0,1.55,,3.2,53.0,90.0,1.1
Alexander Volkov,279566840aa55bf2,201,113,203,Orthodox,1988-10-24,36,38.0,11.0,0.0,,49,1.0099502487562189,38-11-0,4.97,57.0,2.99,,0.61,66.0,72.0,0.2
Dione Barbosa,27b388f0aab49780,168,57,168,Orthodox,1992-05-08,33,8.0,4.0,0.0,,12,1.0,8-4-0,2.27,45.0,2.45,,2.23,42.0,50.0,1.9
JunYong Park,285ae0b4a68221f4,178,84,185,Orthodox,1991-02-27,34,19.0,6.0,0.0,,25,1.0393258426966292,19-6-0,4.59,50.0,3.59,,1.87,42.0,57.0,0.9
Carlos Leal,28d421729451c8ca,180,77,188,Orthodox,1994-05-04,31,22.0,7.0,0.0,,29,1.0444444444444445,22-7-0,9.57,50.0,7.61,,0.75,25.0,90.0,0.0
Luis Gurule,29162be25ebef5f0,165,57,163,Orthodox,1993-11-16,31,10.0,1.0,0.0,,11,0.9878787878787879,10-1-0,5.34,48.0,3.74,,0.68,16.0,50.0,0.0
Bruno Silva,294aa73dbf37d281,163,57,165,Orthodox,1990-03-16,35,14.0,7.0,2.0,1.0,24,1.0122699386503067,14-7-2 (1 NC),3.83,49.0,4.81,,1.79,23.0,60.0,0.2
Kiru Sahota,296a120cb880477b,178,57,185,Orthodox,1995-05-28,30,12.0,3.0,0.0,,15,1.0393258426966292,12-3-0,4.05,52.0,2.64,,0.92,33.0,50.0,0.5
Wang Cong,2997e7fe3c9d3d4a,168,57,168,Southpaw,1992-05-15,33,8.0,1.0,0.0,,9,1.0,8-1-0,7.48,57.0,2.68,,1.05,75.0,100.0,0.7
Damon Jackson,29af297d9f1de0f8,180,70,180,Switch,1988-08-08,37,23.0,8.0,1.0,1.0,33,1.0,23-8-1 (1 NC),2.96,42.0,3.47,,2.3,32.0,37.0,1.2
Umar Nurmagomedov,2b6fc1c02736833d,173,61,175,Orthodox,1996-01-03,29,18.0,1.0,0.0,,19,1.0115606936416186,18-1-0,4.38,57.0,2.15,,3.26,39.0,78.0,0.3
Stewart Nicoll,2bd98ab77a8daa75,165,57,165,Orthodox,1994-11-04,30,8.0,1.0,0.0,,9,1.0,8-1-0,3.02,47.0,1.13,,5.66,100.0,0.0,0.0
Vanessa Demopoulos,2c483cf443f38ece,157,57,150,Orthodox,1988-09-22,36,11.0,8.0,0.0,,19,0.9554140127388535,11-8-0,3.37,39.0,5.39,,0.32,9.0,26.0,0.4
Tainara Lisboa,2c5f5749569eef66,170,61,170,Orthodox,1991-03-02,34,7.0,3.0,0.0,,10,1.0,7-3-0,1.68,43.0,1.42,,1.53,36.0,58.0,0.4
Andreas Gustafsson,2caf993f53541fa1,185,77,185,Orthodox,1991-02-20,34,12.0,3.0,0.0,,15,1.0,12-3-0,5.82,71.0,3.63,,6.19,58.0,100.0,0.0
Jairzinho Rozenstruik,2cd428e9606856fd,188,110,198,Orthodox,1988-03-17,37,15.0,6.0,0.0,,21,1.053191489361702,15-6-0,3.48,48.0,2.63,,0.0,0.0,72.0,0.0
Patchy Mix,2cfba6c837c03ed0,180,61,178,Southpaw,1993-08-16,32,20.0,2.0,0.0,,22,0.9888888888888889,20-2-0,8.13,40.0,11.53,,0.0,0.0,0.0,0.0
Harry Hardwick,2dbc60c52de126d8,173,70,180,Switch,1994-09-29,30,13.0,4.0,1.0,,18,1.0404624277456647,13-4-1,2.39,34.0,7.16,,0.0,0.0,0.0,0.0
Dominick Reyes,2e19380f34871c6a,193,93,196,Southpaw,1989-12-26,35,15.0,4.0,0.0,,19,1.0155440414507773,15-4-0,5.58,54.0,3.54,,0.31,28.0,82.0,0.3
Malcolm Wellmaker,2e45d08b3f2f02c8,178,61,180,Switch,1994-06-04,31,10.0,0.0,0.0,,10,1.0112359550561798,10-0-0,7.2,62.0,4.8,,0.0,0.0,100.0,0.0
Paulo Costa,2e5c2aa8e4ab9d82,185,84,183,Orthodox,1991-04-21,34,15.0,4.0,0.0,,19,0.9891891891891892,15-4-0,6.26,58.0,6.2,,0.32,50.0,80.0,0.0
Manuel Torres,2e7878927067fdca,178,70,185,Switch,1995-03-25,30,16.0,3.0,0.0,,19,1.0393258426966292,16-3-0,7.87,60.0,4.2,,2.0,66.0,88.0,1.0
Brendan Allen,2f181c0467965b98,188,84,190,Orthodox,1995-12-28,29,25.0,7.0,0.0,,32,1.0106382978723405,25-7-0,3.85,53.0,3.96,,1.65,41.0,56.0,1.2
Rei Tsuruya,2f43a3e82661fa99,168,57,173,Orthodox,2002-06-22,23,10.0,1.0,0.0,,11,1.0297619047619047,10-1-0,2.24,52.0,2.01,,5.06,37.0,50.0,1.9
Ateba Gautier,2f815ed5f8278ba6,193,84,206,Switch,2002-04-10,23,8.0,1.0,0.0,,9,1.067357512953368,8-1-0,6.93,61.0,2.19,,0.0,0.0,90.0,0.0
Joseph Morales,2fe9032955c2e013,168,57,175,Switch,1994-08-22,31,14.0,2.0,0.0,,16,1.0416666666666667,14-2-0,2.02,40.0,2.11,,1.23,42.0,28.0,2.9
Alibi Idiris,30cad5a751adcb48,168,57,173,Orthodox,1994-10-22,30,11.0,1.0,0.0,,12,1.0297619047619047,11-1-0,3.47,50.0,3.6,,0.0,0.0,60.0,0.0
Djorden Santos,312f7d7b2b2f7de4,183,84,190,Orthodox,1997-08-01,28,10.0,2.0,0.0,,12,1.0382513661202186,10-2-0,7.2,43.0,5.87,,1.0,40.0,86.0,0.0
Yana Santos,3143bf892608139a,168,61,173,Orthodox,1989-11-11,35,16.0,8.0,0.0,1.0,25,1.0297619047619047,16-8-0 (1 NC),4.42,58.0,3.07,,0.87,50.0,53.0,0.1
Trey Waters,31dbfbe4e7a6727c,196,77,196,Orthodox,1995-02-21,30,9.0,2.0,0.0,,11,1.0,9-2-0,6.39,44.0,5.83,,0.4,33.0,85.0,0.8
Tecia Pennington,31ef8b67e13495b3,155,52,152,Orthodox,1989-08-16,36,15.0,7.0,0.0,,22,0.9806451612903225,15-7-0,4.78,48.0,3.48,,0.54,13.0,62.0,0.1
Kyle Nelson,31f8081c7600da93,180,70,180,Switch,1991-04-20,34,16.0,6.0,1.0,,23,1.0,16-6-1,3.51,45.0,4.72,,1.06,20.0,73.0,0.6
Esteban Ribovics,323d4ca260dfa0ba,178,70,175,Orthodox,1996-04-27,29,15.0,2.0,0.0,,17,0.9831460674157303,15-2-0,8.09,43.0,6.3,,0.39,66.0,70.0,0.2
Song Kenan,32490e80ddab1e5a,183,77,180,Orthodox,1990-03-10,35,22.0,9.0,0.0,,31,0.9836065573770492,22-9-0,4.49,46.0,5.82,,0.42,30.0,73.0,0.0
Julianna Pena,3253b16d38ae087d,168,61,175,Orthodox,1989-08-19,36,13.0,6.0,0.0,,19,1.0416666666666667,13-6-0,3.1,44.0,2.56,,1.7,54.0,24.0,0.8
Roman Dolidze,327d5f279895110d,188,84,193,Orthodox,1988-07-15,37,15.0,4.0,0.0,,19,1.0265957446808511,15-4-0,3.41,41.0,3.72,,0.99,39.0,26.0,0.8
Nathaniel Wood,329e403448756217,168,66,175,Orthodox,1993-05-08,32,21.0,6.0,0.0,,27,1.0416666666666667,21-6-0,5.66,51.0,3.89,,1.41,48.0,72.0,0.6
Steve Erceg,32ab52e5de93092d,173,57,173,Orthodox,1995-07-27,30,13.0,4.0,0.0,,17,1.0,13-4-0,4.0,45.0,3.79,,1.15,27.0,62.0,0.4
Austin Vanderford,32c3ee378671a5d9,180,77,188,Orthodox,1990-03-21,35,13.0,2.0,0.0,,15,1.0444444444444445,13-2-0,4.08,63.0,2.66,,1.77,25.0,100.0,1.8
Quang Le,32feae6d9a1e5047,168,61,178,Orthodox,1991-10-18,33,9.0,2.0,0.0,,11,1.0595238095238095,9-2-0,2.7,37.0,4.53,,3.15,35.0,100.0,0.5
Hamdy Abdelwahab,3329d692aea4dc28,188,120,183,Southpaw,1993-01-22,32,6.0,1.0,0.0,1.0,8,0.973404255319149,6-1-0 (1 NC),3.49,49.0,4.49,,1.33,66.0,100.0,0.0
Aleksandar Rakic,333b9e5c723ac873,193,93,198,Orthodox,1992-02-06,33,14.0,5.0,0.0,,19,1.0259067357512954,14-5-0,4.16,50.0,2.91,,0.66,23.0,85.0,0.1
Cory McKenna,3351aa64aa83c4d9,160,52,147,Orthodox,1999-07-11,26,8.0,4.0,0.0,,12,0.91875,8-4-0,2.94,38.0,3.68,,2.0,47.0,75.0,0.4
Kevin Borjas,34b96d52db1d26e6,165,57,173,Orthodox,1997-12-06,27,10.0,4.0,0.0,,14,1.0484848484848486,10-4-0,4.19,44.0,5.74,,0.0,0.0,71.0,0.0
Manon Fiorot,34ff304266360297,170,57,165,Orthodox,1990-02-17,35,12.0,2.0,0.0,,14,0.9705882352941176,12-2-0,5.58,41.0,3.59,,1.06,29.0,87.0,0.0
Karol Rosa,351c4ec637380ad5,165,61,170,Orthodox,1994-12-30,30,19.0,7.0,0.0,,26,1.0303030303030303,19-7-0,5.88,56.0,4.59,,1.17,48.0,70.0,0.2
Bo Nickal,35673bf5204524ee,185,84,193,Southpaw,1996-01-14,29,7.0,1.0,0.0,,8,1.0432432432432432,7-1-0,2.36,59.0,2.11,,3.34,53.0,100.0,2.9
Daniel Pineda,361d49960a196976,170,66,175,Orthodox,1985-08-06,40,28.0,17.0,0.0,3.0,48,1.0294117647058822,28-17-0 (3 NC),2.85,49.0,3.26,,1.42,24.0,54.0,1.5
Viviane Araujo,36541f1e6c5d4955,163,57,173,Orthodox,1986-11-21,38,13.0,7.0,0.0,,20,1.0613496932515338,13-7-0,3.84,47.0,4.83,,1.72,43.0,75.0,0.6
Armen Petrosyan,369ea36e450ae62a,190,84,180,Orthodox,1990-11-03,34,9.0,5.0,0.0,,14,0.9473684210526315,9-5-0,5.84,53.0,3.31,,0.17,33.0,41.0,0.0
Abus Magomedov,36b8f265bcd1b7a4,188,84,198,Orthodox,1990-09-02,35,28.0,6.0,1.0,,35,1.053191489361702,28-6-1,3.21,48.0,3.68,,2.65,57.0,100.0,0.2
Connor Matthews,36e78278a77006d4,173,66,180,Switch,1992-05-31,33,7.0,4.0,0.0,,11,1.0404624277456647,7-4-0,4.82,43.0,6.06,,3.24,55.0,46.0,0.7
Vince Morales,37098a6e6c27fb66,170,61,178,Orthodox,1990-11-12,34,16.0,10.0,0.0,,26,1.0470588235294118,16-10-0,3.57,37.0,4.0,,0.59,40.0,58.0,0.5
Mohammad Yahya,3753714927f18437,175,66,185,Switch,1994-05-23,31,12.0,6.0,0.0,,18,1.0571428571428572,12-6-0,3.5,39.0,6.39,,0.5,20.0,42.0,0.5
Roosevelt Roberts,37c5366d18ed6c05,188,70,185,Orthodox,1994-02-11,31,12.0,6.0,0.0,1.0,19,0.9840425531914894,12-6-0 (1 NC),2.84,43.0,3.1,,1.18,26.0,50.0,0.7
Nikolas Motta,37f560436d745c18,175,70,178,Orthodox,1993-02-08,32,15.0,6.0,0.0,1.0,22,1.0171428571428571,15-6-0 (1 NC),4.13,38.0,5.28,,0.0,0.0,83.0,0.0
Ivana Petrovic,38c5817ade8a8014,173,57,178,Southpaw,1994-06-11,31,7.0,3.0,0.0,,10,1.0289017341040463,7-3-0,1.91,41.0,2.05,,2.12,38.0,61.0,0.8
Damir Hadzovic,38c626ca912c7bac,175,70,178,Orthodox,1986-08-08,39,14.0,8.0,0.0,,22,1.0171428571428571,14-8-0,3.34,47.0,3.74,,0.91,54.0,34.0,0.1
Gillian Robertson,38c7f72747f4f712,165,52,160,Orthodox,1995-05-17,30,16.0,8.0,0.0,,24,0.9696969696969697,16-8-0,2.86,48.0,2.86,,2.74,40.0,41.0,0.9
Francisco Prado,3920d0cc288f9b0d,178,77,175,Orthodox,2002-06-16,23,12.0,4.0,0.0,,16,0.9831460674157303,12-4-0,4.09,43.0,4.95,,0.94,19.0,50.0,0.5
Lerone Murphy,396fe87b84ac2e1c,175,66,185,Orthodox,1991-07-22,34,17.0,0.0,1.0,,18,1.0571428571428572,17-0-1,4.48,53.0,2.51,,1.41,54.0,51.0,0.5
Tom Aspinall,399afbabc02376b5,196,116,198,Orthodox,1993-04-11,32,15.0,3.0,0.0,,18,1.010204081632653,15-3-0,8.07,67.0,2.89,,3.27,100.0,100.0,1.6
Mario Pinto,39d309957c5c210d,196,120,201,Orthodox,1998-03-14,27,10.0,0.0,0.0,,10,1.0255102040816326,10-0-0,3.67,71.0,5.29,,0.0,0.0,100.0,0.0
Kevin Holland,3a46b268013afede,190,77,206,Orthodox,1992-11-05,32,28.0,14.0,0.0,1.0,43,1.0842105263157895,28-14-0 (1 NC),4.3,50.0,3.22,,0.82,38.0,55.0,0.6
Chris Weidman,3a8176e15b9887c1,188,84,198,Orthodox,1984-06-17,41,16.0,8.0,0.0,,24,1.053191489361702,16-8-0,3.11,45.0,3.37,,3.27,42.0,72.0,0.8
Azamat Bekoev,3bc3f60b21cddc6a,183,84,183,Orthodox,1995-12-30,29,20.0,3.0,0.0,,23,1.0,20-3-0,7.59,61.0,4.48,,2.59,33.0,100.0,0.0
DongHun Choi,3be16d817b36098b,165,57,168,Switch,1999-01-02,26,9.0,0.0,0.0,,9,1.018181818181818,9-0-0,4.54,66.0,3.13,,0.46,14.0,81.0,0.0
Hailey Cowan,3c26c420584d912d,173,61,170,Southpaw,1992-02-12,33,7.0,4.0,0.0,,11,0.9826589595375722,7-4-0,2.5,42.0,2.79,,1.63,36.0,80.0,0.0
Cameron Saaiman,3c8a5200436e19f3,173,61,170,Southpaw,2000-12-20,24,9.0,3.0,0.0,,12,0.9826589595375722,9-3-0,5.3,46.0,4.14,,0.89,28.0,47.0,0.7
Sumudaerji,3cf18e01cb6cbde3,173,57,183,Southpaw,1996-01-20,29,18.0,7.0,0.0,,25,1.0578034682080926,18-7-0,4.48,52.0,2.39,,0.16,11.0,71.0,0.6
Lucie Pudilova,3cf66c62d9069f43,173,57,170,Orthodox,1994-06-13,31,14.0,10.0,0.0,,24,0.9826589595375722,14-10-0,3.6,37.0,4.07,,0.7,31.0,67.0,0.6
Ramiz Brahimaj,3d074044a33825e7,178,77,183,Orthodox,1992-11-17,32,12.0,5.0,0.0,,17,1.0280898876404494,12-5-0,2.14,45.0,3.81,,1.99,41.0,47.0,1.7
Amanda Lemos,3df5493bb279226f,163,52,165,Southpaw,1987-05-22,38,15.0,4.0,1.0,,20,1.0122699386503067,15-4-1,2.89,54.0,3.46,,1.14,62.0,59.0,0.7
Tuco Tokkos,3e8118c1ab52f211,193,93,193,Orthodox,1990-06-30,35,11.0,5.0,0.0,,16,1.0,11-5-0,2.12,40.0,4.27,,4.21,47.0,33.0,0.5
Jackson McVey,3eeec2f53cebdf12,193,84,196,Southpaw,1999-03-25,26,6.0,1.0,0.0,,7,1.0155440414507773,6-1-0,1.12,26.0,1.95,,0.0,0.0,0.0,0.0
Yizha,3f11fd1751fa83b1,170,66,180,Orthodox,1997-01-08,28,26.0,5.0,0.0,,31,1.0588235294117647,26-5-0,2.97,45.0,2.81,,3.51,30.0,54.0,1.1
Melissa Martinez,3f4c3bc822bea45d,157,52,168,Southpaw,1997-08-18,28,8.0,2.0,0.0,,10,1.070063694267516,8-2-0,3.78,47.0,5.21,,0.35,50.0,50.0,0.0
Rolando Bedoya,40a456a25d52ee65,180,70,188,Orthodox,1997-01-13,28,14.0,4.0,0.0,,18,1.0444444444444445,14-4-0,7.29,49.0,6.38,,0.0,0.0,33.0,0.0
Yazmin Jauregui,40cb680ae1cd331f,160,52,163,Orthodox,1999-02-28,26,11.0,2.0,0.0,,13,1.01875,11-2-0,6.64,39.0,5.25,,0.0,0.0,100.0,0.0
Themba Gorimbo,40f3cb27fc7305a1,185,77,196,Orthodox,1991-01-23,34,14.0,5.0,0.0,,19,1.0594594594594595,14-5-0,3.15,61.0,1.09,,4.81,65.0,82.0,0.6
Caio Borralho,4126a78111c0855a,185,84,190,Southpaw,1993-01-16,32,17.0,2.0,0.0,1.0,20,1.027027027027027,17-2-0 (1 NC),3.44,56.0,2.5,,1.28,48.0,76.0,0.4
Edmen Shahbazyan,4144798612ef96e5,188,84,190,Orthodox,1997-11-20,27,15.0,5.0,0.0,,20,1.0106382978723405,15-5-0,3.74,48.0,3.62,,1.69,37.0,66.0,0.4
Daniel Zellhuber,4148802ae4a50768,185,70,196,Switch,1999-07-07,26,15.0,3.0,0.0,,18,1.0594594594594595,15-3-0,5.83,39.0,5.91,,0.15,25.0,94.0,0.1
Hyder Amil,41cc71cbf210e0fe,175,66,178,Switch,1990-05-28,35,11.0,1.0,0.0,,12,1.0171428571428571,11-1-0,6.84,57.0,4.18,,0.77,20.0,81.0,1.2
Jailton Almeida,41e83a89929d1327,190,93,201,Orthodox,1991-06-26,34,22.0,3.0,0.0,,25,1.0578947368421052,22-3-0,2.62,65.0,0.89,,6.58,60.0,60.0,2.4
Caolan Loughran,42ac4020cba261ad,168,61,173,Orthodox,1996-05-18,29,10.0,2.0,0.0,,12,1.0297619047619047,10-2-0,4.73,42.0,5.2,,3.0,34.0,87.0,0.0
Ian Machado Garry,442c9011034ae1fd,190,77,188,Orthodox,1997-11-17,27,16.0,1.0,0.0,,17,0.9894736842105263,16-1-0,4.77,54.0,2.77,,1.02,33.0,73.0,0.4
Tatsuro Taira,4461d7e47375a895,170,57,178,Orthodox,2000-01-27,25,17.0,1.0,0.0,,18,1.0470588235294118,17-1-0,2.87,60.0,2.54,,3.21,48.0,45.0,1.7
Muslim Salikhov,447f9858ae78f921,180,77,178,Orthodox,1984-06-09,41,22.0,5.0,0.0,,27,0.9888888888888889,22-5-0,3.39,49.0,2.92,,1.08,32.0,72.0,0.0
John Yannis,450bcab0968562c4,170,66,178,Southpaw,1994-07-07,31,9.0,4.0,0.0,,13,1.0470588235294118,9-4-0,0.0,0.0,0.55,,0.0,0.0,0.0,0.0
Chris Gutierrez,45f0cc9d18f35137,175,61,170,Orthodox,1991-04-22,34,22.0,6.0,2.0,,30,0.9714285714285714,22-6-2,4.59,58.0,2.65,,0.24,25.0,70.0,0.1
Sean Brady,45f7cb591c3ab00b,178,77,183,Orthodox,1992-11-23,32,18.0,1.0,0.0,,19,1.0280898876404494,18-1-0,4.0,55.0,2.94,,3.62,54.0,86.0,0.9
Sean Woodson,4682bc59d5f55145,188,66,198,Orthodox,1992-06-07,33,13.0,2.0,1.0,,16,1.053191489361702,13-2-1,5.57,46.0,4.18,,0.58,55.0,84.0,0.3
Miles Johns,46e0d677f91bacc0,170,61,173,Orthodox,1994-03-30,31,15.0,4.0,0.0,1.0,20,1.0176470588235293,15-4-0 (1 NC),3.38,44.0,2.99,,1.29,26.0,83.0,0.0
Oumar Sy,46e2011d92463b7e,193,93,211,Orthodox,1995-11-21,29,12.0,1.0,0.0,,13,1.0932642487046633,12-1-0,3.67,48.0,1.72,,2.73,36.0,100.0,0.4
Kiefer Crosbie,4729c93ba705a3bf,180,77,178,Switch,1990-04-05,35,10.0,6.0,0.0,,16,0.9888888888888889,10-6-0,4.46,64.0,5.8,,0.0,0.0,40.0,0.0
Modestas Bukauskas,476fe566d2df676e,190,93,193,Switch,1994-02-10,31,19.0,6.0,0.0,,25,1.0157894736842106,19-6-0,3.32,43.0,3.93,,0.3,66.0,80.0,0.1
Veronica Hardy,4798e823ada58fe9,163,57,163,Southpaw,1995-10-30,29,9.0,5.0,1.0,,15,1.0,9-5-1,3.12,45.0,3.48,,0.93,41.0,55.0,0.3
Rose Namajunas,47b63240018d5d86,165,57,165,Orthodox,1992-06-29,33,15.0,7.0,0.0,,22,1.0,15-7-0,3.6,41.0,3.38,,1.49,50.0,62.0,0.4
Mairon Santos,480779d7f9a424d3,170,70,183,Orthodox,2000-06-10,25,17.0,1.0,0.0,,18,1.076470588235294,17-1-0,3.53,46.0,2.38,,0.0,0.0,50.0,0.0
Elves Brener,48a9a128784d53d1,178,70,183,Orthodox,1997-09-27,27,16.0,6.0,0.0,,22,1.0280898876404494,16-6-0,4.76,47.0,5.86,,0.99,16.0,76.0,0.0
Nursulton Ruziboev,49d2a08964c5eb11,196,84,193,Orthodox,1993-11-19,31,36.0,9.0,2.0,2.0,49,0.9846938775510204,36-9-2 (2 NC),2.59,46.0,2.89,,0.75,66.0,33.0,0.0
Brendson Ribeiro,49edd0d90f60fb7d,190,93,206,Orthodox,1996-09-08,28,17.0,9.0,0.0,1.0,27,1.0842105263157895,17-9-0 (1 NC),3.06,42.0,4.0,,0.9,42.0,18.0,0.6
Seokhyeon Ko,4a07b1988477502c,178,77,180,Southpaw,1993-09-24,31,12.0,2.0,0.0,,14,1.0112359550561798,12-2-0,2.9,52.0,2.0,,4.0,53.0,75.0,0.5
Stephen Thompson,4a28cb716c19157a,183,77,190,Orthodox,1983-02-11,42,17.0,9.0,1.0,,27,1.0382513661202186,17-9-1,4.05,46.0,3.0,,0.23,35.0,63.0,0.0
Aleksandre Topuria,4a6dff1b260bcf61,170,61,173,Orthodox,1996-01-28,29,6.0,1.0,0.0,,7,1.0176470588235293,6-1-0,2.73,51.0,2.53,,1.0,50.0,100.0,0.0
Matthew Semelsberger,4aa58269d0664b5b,185,77,190,Switch,1992-11-23,32,11.0,8.0,0.0,,19,1.027027027027027,11-8-0,3.77,42.0,4.24,,1.01,57.0,45.0,0.4
Tim Means,4b47e71384a9522f,188,77,190,Orthodox,1984-02-20,41,33.0,17.0,1.0,1.0,52,1.0106382978723405,33-17-1 (1 NC),5.04,49.0,3.65,,1.14,40.0,64.0,0.2
Michael Chandler,4b93a88f3b1de35b,173,70,180,Orthodox,1986-04-24,39,23.0,10.0,0.0,,33,1.0404624277456647,23-10-0,4.04,49.0,4.52,,1.96,41.0,61.0,0.6
Bolaji Oki,4bdedbdeedff7d1d,178,70,185,Orthodox,1995-11-15,29,10.0,3.0,0.0,,13,1.0393258426966292,10-3-0,6.59,44.0,5.15,,1.01,60.0,66.0,0.0
Jai Herbert,4c88a1db5a46c6a4,185,70,196,Orthodox,1988-05-13,37,13.0,6.0,1.0,,20,1.0594594594594595,13-6-1,3.07,40.0,3.26,,0.43,21.0,66.0,0.0
Jalin Turner,4d8fa64202cee4c1,190,70,196,Southpaw,1995-05-18,30,14.0,9.0,0.0,,23,1.0315789473684212,14-9-0,5.53,48.0,4.55,,0.77,55.0,75.0,1.1
Loma Lookboonmee,4e30e4250cb08b61,155,52,155,Orthodox,1996-01-18,29,10.0,3.0,0.0,,13,1.0,10-3-0,3.87,56.0,2.47,,2.03,51.0,73.0,0.1
Sedriques Dumas,4e6738062d469256,188,84,201,Orthodox,1995-08-06,30,10.0,3.0,0.0,,13,1.0691489361702127,10-3-0,2.1,45.0,2.5,,1.25,35.0,40.0,0.2
Herbert Burns,4f140403000158b5,175,66,185,Orthodox,1988-02-02,37,11.0,6.0,0.0,,17,1.0571428571428572,11-6-0,1.86,36.0,5.17,,2.94,34.0,66.0,1.8
Tamires Vidal,4f3064faf17aa711,168,61,173,Orthodox,1998-07-27,27,7.0,4.0,0.0,,11,1.0297619047619047,7-4-0,2.91,53.0,4.46,,0.0,0.0,35.0,0.7
Luana Santos,5078e1dacf9d25f4,168,61,170,Orthodox,2000-04-16,25,9.0,2.0,0.0,,11,1.0119047619047619,9-2-0,3.69,52.0,3.4,,1.91,50.0,83.0,1.3
Ovince Saint Preux,50db8711c70196cd,190,93,203,Southpaw,1983-04-08,42,27.0,18.0,0.0,,45,1.068421052631579,27-18-0,3.03,47.0,3.33,,1.09,36.0,67.0,0.5
Molly McCann,51018a31ddf31eb2,163,52,157,Orthodox,1990-05-04,35,14.0,8.0,0.0,,22,0.9631901840490797,14-8-0,5.28,49.0,4.65,,1.78,36.0,38.0,0.5
Michael Johnson,511e82663651438d,178,70,185,Southpaw,1986-06-04,39,25.0,19.0,0.0,,44,1.0393258426966292,25-19-0,4.28,39.0,3.79,,0.58,38.0,81.0,0.0
Drew Dober,519e4fe37ce9ff75,173,70,178,Southpaw,1988-10-19,36,27.0,15.0,0.0,1.0,43,1.0289017341040463,27-15-0 (1 NC),4.36,40.0,4.33,,0.66,17.0,56.0,0.1
Court McGee,523fa774700d7d3f,180,77,190,Orthodox,1984-12-12,40,23.0,14.0,0.0,,37,1.0555555555555556,23-14-0,4.5,36.0,3.65,,1.78,24.0,70.0,0.5
Luana Carolina,528b071cf3da7c56,168,61,175,Orthodox,1993-06-11,32,11.0,4.0,0.0,,15,1.0416666666666667,11-4-0,4.81,50.0,3.54,,0.34,37.0,74.0,0.6
Youssef Zalal,52c2ae6d2f2d2613,178,66,183,Switch,1996-09-04,29,17.0,5.0,1.0,,23,1.0280898876404494,17-5-1,3.07,50.0,1.8,,2.09,30.0,59.0,1.3
Jean Silva,52ef95b5860fb28c,170,66,175,Orthodox,1996-12-27,28,16.0,2.0,0.0,,18,1.0294117647058822,16-2-0,4.87,52.0,4.13,,0.6,50.0,86.0,0.9
Felipe Bunes,53c10176e3bc7416,170,57,175,Orthodox,1989-10-29,35,14.0,8.0,0.0,,22,1.0294117647058822,14-8-0,2.93,50.0,4.66,,1.13,22.0,40.0,2.3
Chris Curtis,5442f1bc4b47eaf3,178,77,190,Orthodox,1987-07-15,38,32.0,12.0,0.0,1.0,45,1.0674157303370786,32-12-0 (1 NC),5.98,50.0,6.19,,0.0,0.0,82.0,0.0
Jamahal Hill,5444c5a201d3ee5a,193,93,201,Southpaw,1991-05-19,34,12.0,4.0,0.0,1.0,17,1.0414507772020725,12-4-0 (1 NC),6.19,51.0,4.03,,0.0,0.0,73.0,0.0
Alexia Thainara,545092d13c67aa49,163,52,170,Orthodox,1995-11-20,29,12.0,1.0,0.0,,13,1.0429447852760736,12-1-0,5.73,40.0,2.82,,3.07,100.0,0.0,2.3
Ilia Topuria,54f64b5e283b0ce7,170,70,175,Orthodox,1997-01-21,28,17.0,0.0,0.0,,17,1.0294117647058822,17-0-0,4.81,48.0,3.83,,1.96,61.0,93.0,1.1
Aaron Pico,5537efc6e496dd84,173,66,178,Orthodox,1996-09-23,28,13.0,5.0,0.0,,18,1.0289017341040463,13-5-0,3.88,44.0,2.39,,8.96,66.0,0.0,0.0
Jeka Saragih,57186c150c645200,173,66,175,Orthodox,1995-01-01,30,14.0,5.0,0.0,,19,1.0115606936416186,14-5-0,2.75,50.0,2.82,,2.17,80.0,66.0,0.5
Irene Aldana,578ef12674df1e6a,175,61,173,Orthodox,1988-03-26,37,15.0,8.0,0.0,,23,0.9885714285714285,15-8-0,5.19,39.0,6.64,,0.15,50.0,77.0,0.2
Nate Landwehr,583ee11abddfc581,175,66,183,Orthodox,1988-06-06,37,18.0,7.0,0.0,,25,1.0457142857142858,18-7-0,5.63,45.0,5.83,,0.76,41.0,71.0,0.8
Joel Alvarez,58bbef3770bb2dfc,190,70,196,Orthodox,1993-03-02,32,22.0,3.0,0.0,,25,1.0315789473684212,22-3-0,4.51,53.0,3.32,,0.0,0.0,40.0,1.2
Michel Pereira,595db60957de51d3,185,84,185,Orthodox,1993-10-06,31,31.0,14.0,0.0,2.0,47,1.0,31-14-0 (2 NC),4.49,52.0,4.35,,1.13,52.0,76.0,0.7
Ricky Simon,5987b2458f4b5290,168,61,175,Orthodox,1992-08-31,33,22.0,6.0,0.0,,28,1.0416666666666667,22-6-0,2.93,44.0,3.72,,5.01,43.0,75.0,0.3
Morgan Charriere,5b03b61f9d90125e,173,66,175,Orthodox,1995-10-26,29,21.0,11.0,1.0,,33,1.0115606936416186,21-11-1,4.08,50.0,4.54,,2.11,46.0,83.0,0.3
Ludovit Klein,5b86d491d63890c5,170,70,183,Southpaw,1995-02-22,30,23.0,5.0,1.0,,29,1.076470588235294,23-5-1,3.57,52.0,3.34,,1.52,51.0,76.0,0.0
Jamey-Lyn Horth,5c637af9472ae7cc,170,57,168,Orthodox,1990-03-30,35,8.0,2.0,0.0,,10,0.9882352941176471,8-2-0,3.52,54.0,2.55,,1.2,42.0,76.0,0.2
Cameron Smotherman,5c84f673b7bb7c15,175,61,175,Orthodox,1997-09-17,27,12.0,6.0,0.0,,18,1.0,12-6-0,4.07,37.0,3.52,,0.0,0.0,62.0,0.0
Felipe dos Santos,5cdf5339728f580d,170,57,178,Orthodox,2000-09-11,24,8.0,3.0,0.0,1.0,12,1.0470588235294118,8-3-0 (1 NC),3.75,39.0,3.8,,0.0,0.0,20.0,0.5
Manel Kape,5d1b7e3dd9e11074,165,57,173,Southpaw,1993-11-14,31,21.0,7.0,0.0,,28,1.0484848484848486,21-7-0,5.04,55.0,4.05,,0.42,30.0,81.0,0.3
Francis Marshall,5d495dec23d7c68e,175,66,183,Orthodox,1999-03-03,26,8.0,3.0,0.0,,11,1.0457142857142858,8-3-0,3.46,33.0,4.1,,2.75,44.0,66.0,0.4
Gabe Green,5eb50529a8418b77,178,70,185,Switch,1993-05-02,32,12.0,5.0,0.0,,17,1.0393258426966292,12-5-0,5.6,45.0,6.19,,0.71,50.0,50.0,0.5
Christian Rodriguez,5ec591b78349ba7e,170,66,180,Orthodox,1997-12-17,27,12.0,4.0,0.0,,16,1.0588235294117647,12-4-0,3.85,50.0,2.85,,1.75,40.0,67.0,1.1
Edgar Chairez,5ef94841c4bc3f86,170,57,180,Orthodox,1996-01-27,29,12.0,6.0,0.0,1.0,19,1.0588235294117647,12-6-0 (1 NC),3.44,44.0,5.08,,0.0,0.0,33.0,1.7
Andre Petroski,5f61780fe5e9b6d0,183,84,185,Switch,1991-06-12,34,13.0,5.0,0.0,,18,1.010928961748634,13-5-0,2.82,49.0,2.75,,3.21,51.0,86.0,1.3
John Castaneda,5fa2974cbd18e05c,168,61,180,Switch,1991-12-18,33,21.0,8.0,0.0,,29,1.0714285714285714,21-8-0,4.42,50.0,4.94,,1.68,37.0,73.0,0.1
Kyler Phillips,60425d07ef4b91a7,173,61,183,Orthodox,1995-06-12,30,12.0,4.0,0.0,,16,1.0578034682080926,12-4-0,5.04,42.0,3.83,,2.31,45.0,75.0,0.4
Jake Hadley,60a42bf82447c919,170,61,178,Southpaw,1996-08-03,29,11.0,4.0,0.0,,15,1.0470588235294118,11-4-0,3.8,43.0,4.16,,0.33,11.0,54.0,1.1
Marcin Prachnio,6370c1c1e12723d5,190,93,185,Orthodox,1988-07-14,37,17.0,9.0,0.0,,26,0.9736842105263158,17-9-0,5.52,54.0,3.15,,0.14,20.0,53.0,0.0
Zygimantas Ramaska,641ca2c2ed91b93c,180,66,180,Orthodox,1996-12-27,28,9.0,3.0,0.0,,12,1.0,9-3-0,0.96,60.0,2.25,,0.0,0.0,33.0,2.4
Edson Barboza,64a50dad704d1d49,180,70,190,Orthodox,1986-01-21,39,24.0,13.0,0.0,,37,1.0555555555555556,24-13-0,4.14,44.0,4.6,,0.43,50.0,73.0,0.1
Ivan Erslan,64ad3e3b0efa30bb,188,93,183,Orthodox,1991-11-15,33,14.0,5.0,0.0,1.0,20,0.973404255319149,14-5-0 (1 NC),2.5,44.0,5.17,,0.5,20.0,64.0,0.0
Eric Nolan,64b12fe31be7560c,188,84,188,Orthodox,1997-09-13,27,8.0,4.0,0.0,,12,1.0,8-4-0,3.14,39.0,5.13,,0.0,0.0,71.0,0.0
Cesar Almeida,64d47ef881a437a4,185,84,188,Orthodox,1988-03-28,37,7.0,1.0,0.0,,8,1.0162162162162163,7-1-0,4.16,58.0,2.32,,0.0,0.0,60.0,0.3
Punahele Soriano,64facb6cc564262d,180,77,183,Southpaw,1992-11-22,32,11.0,4.0,0.0,,15,1.0166666666666666,11-4-0,5.0,53.0,3.88,,1.47,56.0,37.0,0.0
Ariane da Silva,6551c64fbcd1a467,168,57,170,Orthodox,1994-01-26,31,17.0,11.0,0.0,,28,1.0119047619047619,17-11-0,4.05,41.0,4.4,,0.47,38.0,68.0,0.3
Jafel Filho,65adf3856c4d9256,170,57,173,Orthodox,1993-05-05,32,16.0,4.0,0.0,,20,1.0176470588235293,16-4-0,1.92,41.0,1.63,,2.45,42.0,66.0,2.1
Cory Sandhagen,65f09bacd3957381,180,61,178,Switch,1992-04-20,33,18.0,5.0,0.0,,23,0.9888888888888889,18-5-0,5.06,45.0,3.34,,1.28,34.0,63.0,0.3
Erin Blanchfield,669970f7feba8ecd,163,57,168,Orthodox,1999-05-04,26,13.0,2.0,0.0,,15,1.030674846625767,13-2-0,5.24,44.0,4.21,,1.86,31.0,80.0,0.8
Shamil Gaziev,6747ccd6d1acd266,193,120,198,Orthodox,1990-02-10,35,14.0,1.0,0.0,,15,1.0259067357512954,14-1-0,2.57,48.0,3.87,,0.96,30.0,83.0,0.3
Josh Culibao,6751eacd16bd59bc,178,66,185,Orthodox,1994-05-24,31,11.0,4.0,1.0,,16,1.0393258426966292,11-4-1,3.41,44.0,3.04,,0.0,0.0,65.0,0.3
Matt Schnell,67c1d46f4ed16f9e,173,57,178,Orthodox,1990-01-15,35,17.0,9.0,0.0,1.0,27,1.0289017341040463,17-9-0 (1 NC),4.13,40.0,4.17,,0.49,40.0,43.0,1.2
Uros Medic,681399317dbf4701,185,77,180,Southpaw,1993-04-25,32,11.0,3.0,0.0,,14,0.972972972972973,11-3-0,5.47,60.0,3.5,,0.36,50.0,55.0,0.0
Charalampos Grigoriou,68b8ebdfce9dbb61,170,61,170,Orthodox,1992-03-31,33,8.0,5.0,0.0,,13,1.0,8-5-0,2.62,48.0,3.97,,2.62,80.0,90.0,0.0
Josiane Nunes,68d35296f566792b,157,61,170,Southpaw,1993-12-23,31,10.0,4.0,0.0,,14,1.0828025477707006,10-4-0,5.65,43.0,5.76,,0.0,0.0,58.0,0.0
Tracy Cortez,68d4a891e5cf2029,165,57,165,Orthodox,1993-12-10,31,12.0,2.0,0.0,,14,1.0,12-2-0,3.79,49.0,2.84,,2.19,47.0,62.0,0.3
Steven Nguyen,69037fc7730e4225,180,66,185,Switch,1993-05-19,32,10.0,2.0,0.0,,12,1.0277777777777777,10-2-0,7.47,42.0,7.1,,0.24,100.0,88.0,0.0
Ozzy Diaz,6967153c7edb4d87,193,84,201,Orthodox,1990-11-22,34,10.0,3.0,0.0,,13,1.0414507772020725,10-3-0,6.44,50.0,7.23,,0.0,0.0,50.0,0.0
Rodolfo Bellato,69898645d600abdb,190,93,190,Orthodox,1996-02-05,29,12.0,2.0,1.0,1.0,16,1.0,12-2-1 (1 NC),5.84,61.0,6.0,,1.26,36.0,100.0,0.3
Jessica Andrade,6a1901c62ab3870f,155,52,157,Orthodox,1991-09-25,33,26.0,15.0,0.0,,41,1.0129032258064516,26-15-0,6.37,48.0,5.58,,2.1,54.0,75.0,0.3
Rafael Dos Anjos,6a2f7c151031653d,173,77,178,Southpaw,1984-10-26,40,32.0,17.0,0.0,,49,1.0289017341040463,32-17-0,3.48,47.0,3.23,,1.95,35.0,54.0,0.6
Ismail Naurdiev,6a96ad1bc34fb113,178,84,188,Orthodox,1996-08-18,29,24.0,8.0,0.0,,32,1.0561797752808988,24-8-0,3.69,52.0,1.77,,1.5,40.0,73.0,0.2
Gerald Meerschaert,6ac9bc2953c47345,185,84,196,Southpaw,1987-12-18,37,37.0,20.0,0.0,,57,1.0594594594594595,37-20-0,3.02,45.0,3.49,,1.83,30.0,42.0,1.4
Julius Walker,6add18754930182b,193,93,198,Orthodox,1999-07-16,26,7.0,1.0,0.0,,8,1.0259067357512954,7-1-0,4.33,55.0,3.53,,3.5,36.0,100.0,0.0
Jack Della Maddalena,6b453bc35a823c3f,180,77,185,Switch,1996-09-10,28,18.0,2.0,0.0,,20,1.0277777777777777,18-2-0,6.84,52.0,4.53,,0.16,11.0,69.0,0.2
Oban Elliott,6b56e94a59b7b134,183,77,183,Orthodox,1997-12-19,27,12.0,3.0,0.0,,15,1.0,12-3-0,3.5,48.0,2.24,,1.7,44.0,55.0,0.0
Pedro Munhoz,6bd02119599741a4,168,61,165,Orthodox,1986-09-07,39,20.0,10.0,0.0,2.0,32,0.9821428571428571,20-10-0 (2 NC),5.38,41.0,6.29,,0.48,16.0,82.0,0.5
Tom Nolan,6c3b2525436cf5d4,190,70,185,Southpaw,2000-03-08,25,9.0,1.0,0.0,,10,0.9736842105263158,9-1-0,5.82,45.0,4.85,,0.41,12.0,66.0,1.6
Viktoriia Dudakova,6c9b66b43663f2f7,165,52,170,Orthodox,1999-01-26,26,8.0,2.0,0.0,,10,1.0303030303030303,8-2-0,2.87,47.0,3.4,,2.73,35.0,33.0,0.0
Santiago Ponzinibbio,6d1bffff14897645,183,77,185,Orthodox,1986-09-26,38,31.0,9.0,0.0,,40,1.010928961748634,31-9-0,4.78,41.0,4.68,,0.6,27.0,71.0,0.0
Amir Albazi,6d35bf94f7d30241,165,57,173,Orthodox,1993-10-27,31,17.0,2.0,0.0,,19,1.0484848484848486,17-2-0,2.72,34.0,3.71,,1.39,32.0,50.0,0.5
Jordan Vucenic,6d38e41efa47a72d,178,70,185,Orthodox,1996-03-02,29,13.0,4.0,0.0,,17,1.0393258426966292,13-4-0,2.11,45.0,1.9,,0.63,14.0,44.0,0.0
Antonio Trocoli,6d48a2df51749d91,198,84,201,Orthodox,1990-12-06,34,12.0,5.0,0.0,1.0,18,1.0151515151515151,12-5-0 (1 NC),1.29,50.0,5.79,,0.84,11.0,50.0,0.8
Vicente Luque,6d4b63c767106d3a,180,77,190,Orthodox,1991-11-27,33,23.0,11.0,1.0,,35,1.0555555555555556,23-11-1,5.02,51.0,5.25,,0.97,51.0,61.0,0.7
Ode Osbourne,6d68c1afe954f121,170,57,185,Southpaw,1992-01-09,33,13.0,9.0,0.0,1.0,23,1.088235294117647,13-9-0 (1 NC),3.07,41.0,3.43,,1.09,30.0,66.0,0.5
Brandon Royval,6e15f63b6c2e2c15,175,57,173,Southpaw,1992-08-16,33,17.0,8.0,0.0,,25,0.9885714285714285,17-8-0,5.55,41.0,4.23,,0.67,75.0,45.0,1.1
Magomed Gadzhiyasulov,6e344b71421103da,188,93,190,Orthodox,1993-11-04,31,9.0,1.0,0.0,,10,1.0106382978723405,9-1-0,2.89,49.0,1.64,,3.67,73.0,61.0,0.0
Payton Talbott,6e743a33d56bdaa4,178,61,178,Switch,1998-09-09,26,10.0,1.0,0.0,,11,1.0,10-1-0,6.05,54.0,3.26,,0.24,25.0,76.0,0.2
Ibo Aslan,6e8f1bcdda94ff45,190,93,196,Orthodox,1996-04-23,29,14.0,3.0,0.0,,17,1.0315789473684212,14-3-0,5.09,47.0,3.47,,0.0,0.0,86.0,0.0
JJ Aldrich,6fd953151d981979,165,57,170,Southpaw,1992-09-29,32,14.0,7.0,0.0,,21,1.0303030303030303,14-7-0,3.96,47.0,4.32,,0.75,26.0,67.0,0.0
Cody Gibson,700a674c042b7a96,178,61,180,Orthodox,1987-09-11,37,22.0,11.0,0.0,,33,1.0112359550561798,22-11-0,3.61,45.0,3.18,,2.13,37.0,69.0,0.6
Jared Gordon,7026eca45f65377b,175,70,173,Orthodox,1988-09-06,37,21.0,7.0,0.0,1.0,29,0.9885714285714285,21-7-0 (1 NC),5.67,55.0,3.91,,1.83,32.0,62.0,0.0
Yadier del Valle,70380ccdc81915b8,175,66,175,Southpaw,1996-07-29,29,9.0,0.0,0.0,,9,1.0,9-0-0,7.49,67.0,3.46,,2.51,42.0,66.0,1.7
Diyar Nurgozhay,709fadb644ee3f51,188,93,188,Southpaw,1997-04-22,28,10.0,2.0,0.0,,12,1.0,10-2-0,3.04,50.0,2.99,,2.54,100.0,100.0,0.0
Jimmy Crute,70e1f8a821b72c8b,188,93,188,Orthodox,1996-03-04,29,13.0,4.0,2.0,,19,1.0,13-4-2,4.17,52.0,3.68,,4.2,52.0,58.0,1.9
Lucas Almeida,710f0f8c5d5c9d41,180,66,180,Orthodox,1991-01-31,34,15.0,4.0,0.0,,19,1.0,15-4-0,4.94,39.0,5.04,,0.0,0.0,53.0,0.0
Vitor Petrino,71171fc96445bf65,188,120,196,Orthodox,1997-08-28,28,12.0,2.0,0.0,,14,1.0425531914893618,12-2-0,2.72,45.0,2.6,,3.25,58.0,71.0,1.0
Bruna Brasil,7138a15258dabf20,168,52,165,Orthodox,1993-09-07,32,11.0,5.0,1.0,,17,0.9821428571428571,11-5-1,2.66,56.0,3.82,,1.46,64.0,53.0,0.2
Dustin Stoltzfus,71505842fb6455c3,183,84,190,Orthodox,1991-11-15,33,16.0,7.0,0.0,,23,1.0382513661202186,16-7-0,3.14,45.0,3.14,,2.26,41.0,46.0,1.3
Josias Musasa,723b64c0e9a8f348,173,61,188,Southpaw,1998-10-10,26,8.0,1.0,0.0,,9,1.0867052023121386,8-1-0,3.45,43.0,4.6,,0.82,50.0,77.0,0.8
Lauren Murphy,729d4bd5a6cd0a97,165,57,170,Orthodox,1983-07-27,42,16.0,7.0,0.0,,23,1.0303030303030303,16-7-0,3.94,38.0,5.19,,1.09,24.0,67.0,0.2
Mateusz Gamrot,72db2a14ffa73ece,178,70,178,Southpaw,1990-12-11,34,25.0,3.0,0.0,1.0,29,1.0,25-3-0 (1 NC),3.35,51.0,3.04,,5.33,36.0,90.0,0.1
Saimon Oliveira,72ea1984c52019b5,163,61,183,Orthodox,1991-04-21,34,18.0,6.0,0.0,,24,1.1226993865030674,18-6-0,2.67,40.0,4.13,,1.07,25.0,38.0,1.4
Matheus Camilo,72f890c5d421e705,178,70,175,Orthodox,2001-01-02,24,9.0,3.0,0.0,,12,0.9831460674157303,9-3-0,1.49,48.0,1.38,,3.44,66.0,0.0,1.7
Rizvan Kuniev,739fd4fbb5d862f4,193,109,193,Orthodox,1992-03-10,33,12.0,3.0,1.0,1.0,17,1.0,12-3-1 (1 NC),4.45,58.0,2.45,,1.45,75.0,90.0,0.0
Mackenzie Dern,7447e9f28508106a,163,52,160,Orthodox,1993-03-24,32,15.0,5.0,0.0,,20,0.9815950920245399,15-5-0,3.31,40.0,3.9,,0.89,17.0,25.0,1.2
Fatima Kline,745fa7b605f8e2da,168,52,170,Orthodox,2000-07-12,25,8.0,1.0,0.0,,9,1.0119047619047619,8-1-0,3.94,49.0,2.29,,1.21,60.0,50.0,0.0
Elijah Smith,7478b7f959ba61f5,175,61,180,Orthodox,2002-09-05,23,9.0,1.0,0.0,,10,1.0285714285714285,9-1-0,4.45,47.0,3.4,,3.51,53.0,57.0,0.9
Taiyilake Nueraji,7498b3ac79a3b948,188,77,190,Southpaw,2001-01-12,24,12.0,1.0,0.0,1.0,14,1.0106382978723405,12-1-0 (1 NC),9.82,53.0,5.01,,1.47,33.0,100.0,0.0
Khalil Rountree Jr.,749f572d1d3161fb,185,93,193,Southpaw,1990-02-26,35,15.0,6.0,0.0,1.0,22,1.0432432432432432,15-6-0 (1 NC),3.79,40.0,4.24,,0.0,0.0,58.0,0.1
Da Woon Jung,74f9448b97bf8bec,193,93,198,Orthodox,1993-12-07,31,15.0,6.0,1.0,,22,1.0259067357512954,15-6-1,3.24,40.0,4.23,,1.59,47.0,75.0,0.2
Calvin Kattar,751de04455cfaac0,180,66,183,Orthodox,1988-03-26,37,23.0,10.0,0.0,,33,1.0166666666666666,23-10-0,4.41,37.0,6.55,,0.34,29.0,77.0,0.1
Muhammad Mokaev,75353550928a7921,170,57,178,Orthodox,2000-07-30,25,13.0,0.0,0.0,1.0,14,1.0470588235294118,13-0-0 (1 NC),1.61,45.0,1.35,,5.29,41.0,25.0,0.8
Thomas Petersen,764d39074a352e33,185,120,188,Southpaw,1995-03-30,30,10.0,3.0,0.0,,13,1.0162162162162163,10-3-0,3.74,59.0,2.94,,4.42,66.0,100.0,0.6
Khamzat Chimaev,767755fd74662dbf,188,84,190,Orthodox,1994-05-01,31,15.0,0.0,0.0,,15,1.0106382978723405,15-0-0,4.04,60.0,2.32,,5.29,55.0,85.0,1.8
Movsar Evloev,76e2870ffafbe38f,170,66,183,Orthodox,1994-02-11,31,19.0,0.0,0.0,,19,1.076470588235294,19-0-0,3.99,48.0,2.66,,4.67,48.0,61.0,0.2
Guram Kutateladze,7772b283d288dbe2,180,70,183,Orthodox,1992-01-08,33,13.0,5.0,0.0,,18,1.0166666666666666,13-5-0,3.53,45.0,4.22,,0.61,15.0,75.0,0.0
Paddy Pimblett,7826923b47f8d72a,178,70,185,Orthodox,1995-01-03,30,23.0,3.0,0.0,,26,1.0393258426966292,23-3-0,5.19,53.0,3.14,,0.96,28.0,50.0,1.7
Ciryl Gane,787bb1f087ccff8a,193,111,206,Orthodox,1990-04-12,35,13.0,2.0,0.0,,15,1.067357512953368,13-2-0,5.26,61.0,2.23,,0.7,25.0,43.0,0.6
Joanderson Brito,791c8437b341fba5,173,66,183,Orthodox,1995-02-11,30,17.0,5.0,1.0,,23,1.0578034682080926,17-5-1,2.48,50.0,2.49,,2.49,68.0,56.0,1.0
Brandon Moreno,792be9a24df82ed6,170,57,178,Orthodox,1993-12-07,31,23.0,8.0,2.0,,33,1.0470588235294118,23-8-2,3.96,44.0,3.62,,1.51,44.0,64.0,0.4
Carlos Hernandez,798e48f9e7f6ba22,173,57,170,Orthodox,1993-10-25,31,10.0,5.0,0.0,,15,0.9826589595375722,10-5-0,3.83,45.0,3.5,,1.56,21.0,65.0,0.2
Chris Barnett,7a5e8c94a86f9895,175,120,190,Orthodox,1986-06-14,39,23.0,9.0,0.0,,32,1.0857142857142856,23-9-0,4.21,47.0,6.53,,0.0,0.0,33.0,0.0
Marvin Vettori,7acbb0972e75281a,183,84,188,Southpaw,1993-09-20,31,19.0,9.0,1.0,,29,1.0273224043715847,19-9-1,4.68,45.0,4.52,,1.43,45.0,65.0,0.4
Westin Wilson,7b3503352cd53abb,185,66,185,Southpaw,1989-01-24,36,17.0,10.0,0.0,,27,1.0,17-10-0,1.57,31.0,6.71,,1.57,16.0,33.0,7.9
Brad Katona,7b433309b0fd12aa,168,61,163,Orthodox,1991-12-19,33,16.0,5.0,0.0,,21,0.9702380952380952,16-5-0,4.81,52.0,4.75,,1.86,34.0,61.0,0.0
Brian Kelleher,7be14eaed4c74856,168,61,168,Switch,1986-08-19,39,24.0,16.0,0.0,,40,1.0,24-16-0,3.31,41.0,4.59,,1.68,41.0,60.0,0.7
Marlon Vera,7c7332319c14094c,173,61,178,Switch,1992-12-02,32,23.0,10.0,1.0,,34,1.0289017341040463,23-10-1,4.27,49.0,5.37,,0.51,39.0,72.0,0.8
Drakkar Klose,7cbf7c78d3b34218,175,70,178,Orthodox,1988-03-09,37,16.0,3.0,1.0,,20,1.0171428571428571,16-3-1,4.25,55.0,3.65,,1.49,26.0,69.0,0.0
Daniel Frunza,7cec3c4a5e7b6d68,185,77,185,Orthodox,1994-04-13,31,9.0,3.0,0.0,,12,1.0,9-3-0,6.3,40.0,6.67,,0.0,0.0,60.0,0.0
Ramazan Temirov,7d0a1968b38ca439,163,57,160,Orthodox,1997-01-31,28,19.0,3.0,0.0,,22,0.9815950920245399,19-3-0,4.37,40.0,3.93,,0.84,50.0,100.0,0.0
Aoriqileng,7d420039bbfe7c1a,170,61,175,Orthodox,1993-06-25,32,25.0,12.0,0.0,1.0,38,1.0294117647058822,25-12-0 (1 NC),4.65,49.0,5.46,,1.2,46.0,58.0,0.0
Jose Delgado,7d6ceff6747f2de2,180,66,188,Switch,1998-04-21,27,10.0,1.0,0.0,,11,1.0444444444444445,10-1-0,7.13,49.0,3.67,,4.58,60.0,71.0,0.0
Ante Delija,7d8435c56043b0ae,190,108,198,Orthodox,1990-08-07,35,26.0,6.0,0.0,,32,1.0421052631578946,26-6-0,6.34,46.0,1.95,,0.0,0.0,0.0,0.0
Virna Jandiroba,7dda2cf308f24a02,160,52,163,Orthodox,1988-05-30,37,22.0,3.0,0.0,,25,1.01875,22-3-0,1.97,38.0,2.55,,2.37,33.0,73.0,1.8
Nick Klein,7eaa5e31c2dd86aa,185,84,196,Orthodox,1995-09-08,29,6.0,3.0,0.0,,9,1.0594594594594595,6-3-0,2.51,56.0,3.41,,5.79,35.0,66.0,1.9
Carlos Prates,7ee0fd831c0fe7c3,185,77,198,Switch,1993-08-17,32,22.0,7.0,0.0,,29,1.0702702702702702,22-7-0,3.82,54.0,4.8,,0.23,100.0,84.0,0.0
Azat Maksum,7f1bf0c255ec8756,170,57,178,Southpaw,1995-02-02,30,15.0,2.0,0.0,,17,1.0470588235294118,15-2-0,3.24,28.0,5.0,,2.33,28.0,85.0,0.3
Cody Durden,7f6ed67d3ed3c036,170,57,170,Southpaw,1991-03-29,34,17.0,8.0,1.0,,26,1.0,17-8-1,3.44,44.0,4.35,,4.13,47.0,73.0,0.7
Kaan Ofli,7facc9c45d792985,170,66,168,Orthodox,1993-06-19,32,12.0,4.0,1.0,,17,0.9882352941176471,12-4-1,2.0,45.0,2.93,,0.0,0.0,0.0,0.0
Terrance McKinney,809bd1a871491508,178,70,185,Switch,1994-09-15,30,17.0,7.0,0.0,,24,1.0393258426966292,17-7-0,5.78,56.0,2.58,,3.59,40.0,77.0,2.2
Charles Johnson,814e5233e2acf2ee,175,57,178,Switch,1991-01-10,34,18.0,7.0,0.0,,25,1.0171428571428571,18-7-0,4.73,49.0,3.78,,0.56,20.0,66.0,0.4
Ricky Glenn,814ff3018127e8fc,183,77,178,Southpaw,1989-04-12,36,22.0,9.0,2.0,,33,0.9726775956284153,22-9-2,3.79,42.0,4.3,,0.72,13.0,69.0,0.4
Cortavious Romious,8173f134396cb971,163,61,173,Southpaw,1994-01-06,31,9.0,4.0,0.0,,13,1.0613496932515338,9-4-0,1.91,38.0,3.46,,2.29,66.0,64.0,0.8
Dan Ige,82a5152216251682,170,66,180,Orthodox,1991-08-06,34,19.0,10.0,0.0,,29,1.0588235294117647,19-10-0,3.64,45.0,3.56,,0.89,25.0,56.0,0.2
Rafael Estevam,83455a9d17f57dae,173,57,175,Orthodox,1996-08-10,29,14.0,0.0,0.0,,14,1.0115606936416186,14-0-0,2.1,54.0,2.59,,6.01,38.0,66.0,0.3
Mansur Abdul-Malik,841695e02c99a521,188,84,203,Orthodox,1997-10-07,27,8.0,0.0,1.0,,9,1.0797872340425532,8-0-1,4.27,48.0,3.49,,0.49,33.0,82.0,0.0
Mateusz Rebecki,849c5d9979df5357,170,70,168,Southpaw,1992-11-03,32,20.0,3.0,0.0,,23,0.9882352941176471,20-3-0,5.29,46.0,4.53,,3.46,65.0,50.0,0.6
Neil Magny,84b3e7d38f2d2ec5,190,77,203,Orthodox,1987-08-03,38,30.0,14.0,0.0,,44,1.068421052631579,30-14-0,3.45,46.0,2.47,,2.15,39.0,55.0,0.2
Jose Johnson,84f727cf0166d6f2,183,57,180,Orthodox,1995-05-20,30,16.0,10.0,0.0,,26,0.9836065573770492,16-10-0,2.27,57.0,1.61,,0.69,60.0,41.0,0.7
Daniel Marcos,850266b3dc4e506e,170,61,175,Orthodox,1993-03-07,32,17.0,1.0,0.0,1.0,19,1.0294117647058822,17-1-0 (1 NC),5.11,53.0,3.88,,0.99,46.0,84.0,0.0
Kai Kara-France,853eb0dd5c0e2149,163,57,175,Orthodox,1993-03-26,32,25.0,12.0,0.0,1.0,38,1.0736196319018405,25-12-0 (1 NC),4.46,40.0,3.24,,0.56,30.0,83.0,0.0
Jacobe Smith,85497ffd934ecf7e,178,77,183,Southpaw,1996-01-17,29,11.0,0.0,0.0,,11,1.0280898876404494,11-0-0,6.21,66.0,2.86,,7.42,90.0,100.0,0.8
Kennedy Nzechukwu,8667caa0451d245b,196,107,211,Southpaw,1992-06-13,33,14.0,6.0,0.0,,20,1.0765306122448979,14-6-0,5.33,46.0,4.89,,0.55,45.0,80.0,0.2
Dusko Todorovic,866fd7b1a6c90e7f,185,84,188,Orthodox,1994-05-19,31,12.0,6.0,0.0,,18,1.0162162162162163,12-6-0,4.79,57.0,4.53,,1.5,17.0,42.0,0.2
Baergeng Jieleyisi,8677e67a75d65b8e,175,66,180,Orthodox,1995-11-24,29,18.0,7.0,0.0,,25,1.0285714285714285,18-7-0,1.61,35.0,2.62,,1.73,38.0,78.0,0.2
Xiao Long,86bace9e4ad85542,173,61,178,Orthodox,1998-04-13,27,27.0,10.0,0.0,,37,1.0289017341040463,27-10-0,5.25,46.0,4.2,,0.69,25.0,79.0,0.0
Julia Avila,86d9dbe1bfcbade7,170,61,173,Orthodox,1988-05-11,37,9.0,4.0,0.0,,13,1.0176470588235293,9-4-0,2.81,42.0,3.28,,0.63,37.0,52.0,0.2
Kyle Prepolec,873626e5547b5235,178,70,178,Southpaw,1989-08-30,36,18.0,9.0,0.0,,27,1.0,18-9-0,2.87,35.0,5.19,,0.0,0.0,40.0,0.0
Jonathan Pearce,87c0b1c696ddfb43,183,66,180,Switch,1992-05-01,33,14.0,7.0,0.0,,21,0.9836065573770492,14-7-0,5.12,54.0,3.32,,5.02,50.0,55.0,0.8
Alice Ardelean,87f8699fdcc2c404,160,52,157,Orthodox,1992-04-19,33,10.0,7.0,0.0,,17,0.98125,10-7-0,6.73,44.0,5.04,,1.0,50.0,87.0,0.0
Nassourdine Imavov,881bf86d4cba8578,190,84,190,Orthodox,1996-03-01,29,17.0,4.0,0.0,1.0,22,1.0,17-4-0 (1 NC),4.28,54.0,3.17,,0.74,32.0,81.0,1.0
Andre Muniz,886264a0c9f4ea5e,185,84,198,Southpaw,1990-02-17,35,24.0,7.0,0.0,,31,1.0702702702702702,24-7-0,2.04,49.0,2.33,,4.02,49.0,35.0,1.2
King Green,887961364be5ceb3,178,70,180,Orthodox,1986-09-09,38,32.0,17.0,1.0,1.0,51,1.0112359550561798,32-17-1 (1 NC),6.4,52.0,3.72,,1.22,39.0,74.0,0.3
Jose Ochoa,88be62d6c1e6dadb,170,57,170,Southpaw,2000-12-31,24,8.0,2.0,0.0,1.0,11,1.0,8-2-0 (1 NC),3.01,37.0,2.33,,0.43,50.0,59.0,1.3
Caio Machado,89839250eb25c9c1,193,113,198,Southpaw,1994-07-20,31,8.0,4.0,1.0,,13,1.0259067357512954,8-4-1,5.82,53.0,2.87,,0.0,0.0,82.0,0.0
Daniel Rodriguez,8a1f3b5c526cd6e6,185,77,188,Southpaw,1986-12-31,38,20.0,5.0,0.0,,25,1.0162162162162163,20-5-0,7.2,49.0,5.4,,0.51,50.0,64.0,0.1
Zhang Mingyang,8a65fd9ba31fd3f7,188,93,190,Orthodox,1998-08-16,27,19.0,7.0,0.0,,26,1.0106382978723405,19-7-0,7.71,60.0,5.33,,0.0,0.0,75.0,0.0
Elizeu Zaleski dos Santos,8adcbd525fab8d9b,180,77,185,Orthodox,1986-12-11,38,25.0,10.0,1.0,,36,1.0277777777777777,25-10-1,4.16,41.0,3.56,,0.79,20.0,67.0,0.4
Taylor Lapilus,8b1ed83b02303075,168,61,185,Southpaw,1992-04-08,33,21.0,4.0,0.0,,25,1.1011904761904763,21-4-0,4.59,48.0,2.61,,0.27,33.0,77.0,0.3
Sam Patterson,8b6e5dc2ba1edbe7,190,77,198,Orthodox,1996-04-30,29,14.0,2.0,1.0,,17,1.0421052631578946,14-2-1,3.89,43.0,3.93,,1.39,100.0,33.0,2.8
Ketlen Souza,8bd4200561c77a62,160,52,160,Orthodox,1994-08-18,31,15.0,6.0,0.0,,21,1.0,15-6-0,4.56,57.0,4.4,,0.3,14.0,50.0,0.3
Kelvin Gastelum,8c0580d4fff106c1,175,84,180,Southpaw,1991-10-24,33,20.0,10.0,0.0,1.0,31,1.0285714285714285,20-10-0 (1 NC),3.67,42.0,3.49,,1.05,34.0,58.0,0.1
Loik Radzhabov,8c169fbe1ac33637,180,70,175,Orthodox,1990-09-17,34,18.0,6.0,1.0,,25,0.9722222222222222,18-6-1,2.89,44.0,3.76,,4.65,57.0,42.0,0.0
Maheshate,8c1ca54b5089d199,183,70,180,Orthodox,1999-12-01,25,10.0,5.0,0.0,,15,0.9836065573770492,10-5-0,3.96,31.0,5.96,,0.0,0.0,47.0,0.0
Muhammad Naimov,8d11d9c13e2ccdf7,175,66,178,Orthodox,1994-08-07,31,13.0,3.0,0.0,,16,1.0171428571428571,13-3-0,2.61,40.0,3.45,,1.69,36.0,67.0,0.2
Asu Almabayev,8d3273573b85be09,163,57,165,Orthodox,1994-01-25,31,22.0,3.0,0.0,,25,1.0122699386503067,22-3-0,2.16,54.0,1.75,,4.66,43.0,50.0,1.5
Phil Rowe,8e382b585a92affe,190,77,203,Orthodox,1990-07-18,35,11.0,5.0,0.0,,16,1.068421052631579,11-5-0,3.99,49.0,4.38,,0.6,36.0,56.0,0.3
Loopy Godinez,8e5d953bdb9ae5e7,157,52,155,Orthodox,1993-09-06,32,14.0,5.0,0.0,,19,0.9872611464968153,14-5-0,4.51,49.0,4.03,,2.96,41.0,81.0,0.9
Cody Haddon,8e6654e9f0461b8f,170,61,175,Orthodox,1998-09-08,26,8.0,1.0,0.0,,9,1.0294117647058822,8-1-0,9.2,51.0,3.47,,2.48,37.0,83.0,0.8
Marc-Andre Barriault,8e9eb3fc86db0f7d,185,84,188,Orthodox,1990-02-18,35,17.0,10.0,0.0,1.0,28,1.0162162162162163,17-10-0 (1 NC),5.7,47.0,5.63,,0.37,28.0,68.0,0.1
Martin Buday,8eb046f83e82bf26,193,120,196,Orthodox,1991-11-11,33,16.0,2.0,0.0,,18,1.0155440414507773,16-2-0,4.39,53.0,4.49,,0.15,20.0,93.0,0.1
Rinat Fakhretdinov,8f765fd5775a8873,183,77,188,Orthodox,1991-09-28,33,24.0,1.0,1.0,,26,1.0273224043715847,24-1-1,5.03,52.0,3.61,,3.91,34.0,91.0,0.2
Andre Fili,8fd808923cffff82,180,66,188,Orthodox,1990-06-25,35,25.0,12.0,0.0,1.0,38,1.0444444444444445,25-12-0 (1 NC),3.87,37.0,4.23,,2.22,45.0,71.0,0.2
Carlos Ulberg,9014c02eff8b3d62,193,93,196,Orthodox,1990-11-07,34,13.0,1.0,0.0,,14,1.0155440414507773,13-1-0,6.77,55.0,4.21,,0.58,60.0,85.0,0.2
Julian Erosa,902ec2cc48c8ae8a,185,66,188,Southpaw,1989-07-31,36,31.0,13.0,0.0,,44,1.0162162162162163,31-13-0,6.21,48.0,6.27,,1.78,43.0,61.0,0.7
Pannie Kianzad,91dac5e69e28d5b5,170,61,168,Orthodox,1991-12-08,33,17.0,9.0,0.0,,26,0.9882352941176471,17-9-0,4.88,49.0,4.09,,0.41,33.0,65.0,0.1
Felipe Lima,9256f591b30c073e,168,61,173,Orthodox,1998-05-07,27,14.0,2.0,0.0,,16,1.0297619047619047,14-2-0,2.86,45.0,2.91,,2.18,27.0,85.0,0.7
Darren Elkins,92a9aa9c93192871,178,66,180,Orthodox,1984-05-16,41,29.0,12.0,0.0,,41,1.0112359550561798,29-12-0,3.4,38.0,3.34,,2.87,34.0,56.0,1.1
Robert Ruchala,92aed9d16794f42b,173,66,183,Switch,1998-05-15,27,11.0,2.0,0.0,,13,1.0578034682080926,11-2-0,2.27,35.0,3.27,,2.0,33.0,0.0,0.0
Marco Tulio,9384e71bca6c409d,183,84,188,Orthodox,1994-06-13,31,14.0,1.0,0.0,,15,1.0273224043715847,14-1-0,7.54,60.0,2.53,,0.88,20.0,0.0,0.4
James Llontop,93b2b7caa457cbea,183,70,185,Orthodox,1999-08-02,26,14.0,5.0,0.0,,19,1.010928961748634,14-5-0,5.57,41.0,4.12,,0.0,0.0,54.0,0.0
Sodiq Yusuff,94426bb170c88115,175,70,180,Orthodox,1993-05-19,32,13.0,5.0,0.0,,18,1.0285714285714285,13-5-0,5.27,49.0,4.29,,0.36,23.0,62.0,0.4
Eric McConico,9508cc6184cb2450,183,84,196,Southpaw,1990-05-09,35,10.0,3.0,1.0,,14,1.0710382513661203,10-3-1,1.51,36.0,2.48,,0.0,0.0,57.0,0.0
Giga Chikadze,9560ff14eb3129f7,183,66,188,Orthodox,1988-08-25,37,15.0,5.0,0.0,,20,1.0273224043715847,15-5-0,3.82,42.0,3.48,,0.19,33.0,65.0,0.2
Polyana Viana,9673a497a9da119a,165,52,170,Orthodox,1992-06-14,33,13.0,8.0,0.0,,21,1.0303030303030303,13-8-0,2.74,40.0,2.5,,0.75,33.0,35.0,1.7
Gaston Bolanos,96924b0019b3aff1,170,61,175,Orthodox,1992-09-14,32,8.0,5.0,0.0,,13,1.0294117647058822,8-5-0,3.28,49.0,2.4,,0.66,100.0,42.0,0.0
Chase Hooper,971246648e162f0d,185,70,188,Southpaw,1999-09-13,25,16.0,4.0,1.0,,21,1.0162162162162163,16-4-1,4.51,49.0,2.98,,2.49,33.0,55.0,2.1
Josefine Knutsson,971dba22c622af12,160,52,152,Orthodox,1996-01-16,29,8.0,1.0,0.0,,9,0.95,8-1-0,4.24,51.0,2.13,,1.6,72.0,35.0,0.0
Steve Garcia,97cf1a2c7c5e7889,183,66,190,Southpaw,1992-05-22,33,18.0,5.0,0.0,,23,1.0382513661202186,18-5-0,5.18,48.0,2.2,,0.9,40.0,88.0,0.5
Patricio Freire,98a58c26c5b1ed17,168,66,170,Orthodox,1987-07-07,38,37.0,8.0,0.0,,45,1.0119047619047619,37-8-0,2.68,43.0,4.23,,1.49,33.0,88.0,0.6
Grant Dawson,99bd51917728c25d,178,70,183,Switch,1994-02-20,31,23.0,2.0,1.0,,26,1.0280898876404494,23-2-1,3.2,52.0,2.11,,3.87,40.0,57.0,1.1
Jan Blachowicz,99df7d0a2a08a8a8,188,93,198,Orthodox,1983-02-24,42,29.0,11.0,1.0,,41,1.053191489361702,29-11-1,3.44,49.0,3.03,,1.03,48.0,69.0,0.3
David Martinez,9a97acbfd5a08bfa,165,61,170,Orthodox,1998-08-03,27,12.0,1.0,0.0,,13,1.0303030303030303,12-1-0,5.4,52.0,2.7,,0.0,0.0,100.0,0.0
Bill Algeo,9abc648e76c4493a,183,66,185,Switch,1989-06-09,36,18.0,9.0,0.0,,27,1.010928961748634,18-9-0,5.88,51.0,4.38,,1.03,50.0,55.0,0.1
Kris Moutinho,9c27f3217891f3f0,170,61,173,Southpaw,1992-08-09,33,14.0,7.0,0.0,,21,1.0176470588235293,14-7-0,4.51,31.0,14.68,,0.0,0.0,0.0,0.0
Mauricio Ruffy,9c393e836a852f30,180,70,190,Orthodox,1996-06-17,29,12.0,2.0,0.0,,14,1.0555555555555556,12-2-0,3.84,57.0,4.16,,0.0,0.0,84.0,0.0
Shauna Bannon,9c442aaf149ea982,165,52,165,Switch,1993-10-23,31,7.0,2.0,0.0,,9,1.0,7-2-0,4.32,43.0,3.75,,0.0,0.0,40.0,0.7
Macy Chiasson,9cdd2da1a9104a0b,180,61,183,Orthodox,1991-07-27,34,11.0,4.0,0.0,,15,1.0166666666666666,11-4-0,3.49,46.0,2.68,,2.08,35.0,71.0,0.4
Nicolas Dalby,9d19d9e4aa2662e8,180,77,188,Orthodox,1984-11-16,40,23.0,6.0,1.0,2.0,32,1.0444444444444445,23-6-1 (2 NC),4.05,43.0,3.69,,0.98,27.0,58.0,0.1
Karine Silva,9d62c2d8ee151f08,165,57,170,Orthodox,1993-12-02,31,19.0,5.0,0.0,,24,1.0303030303030303,19-5-0,2.73,38.0,2.89,,2.37,47.0,11.0,1.9
Roman Kopylov,9d83f6da776ff7d6,183,84,190,Southpaw,1991-05-04,34,14.0,4.0,0.0,,18,1.0382513661202186,14-4-0,4.74,50.0,5.08,,1.02,42.0,87.0,0.0
Victoria Leonardo,9dedfdd91070ddd8,165,57,163,Orthodox,1990-02-16,35,9.0,7.0,0.0,,16,0.9878787878787879,9-7-0,3.22,38.0,4.81,,1.57,27.0,71.0,0.0
Mickey Gall,9e50097a89442158,188,77,188,Switch,1992-01-22,33,7.0,7.0,0.0,,14,1.0,7-7-0,3.5,49.0,4.72,,1.15,32.0,37.0,1.6
Justin Gaethje,9e8f6c728eb01124,180,70,178,Orthodox,1988-11-14,36,26.0,5.0,0.0,,31,0.9888888888888889,26-5-0,6.59,58.0,7.18,,0.1,14.0,68.0,0.0
Klaudia Sygula,9f5e3c20ce40b344,173,61,175,Orthodox,1998-12-30,26,7.0,2.0,0.0,,9,1.0115606936416186,7-2-0,5.3,53.0,4.73,,0.7,20.0,33.0,0.0
Preston Parsons,9fe7af8b3fbe00a0,180,77,180,Orthodox,1995-07-15,30,11.0,6.0,0.0,,17,1.0,11-6-0,3.54,51.0,3.25,,3.46,36.0,71.0,2.3
Adam Fugitt,a01a62132460a98d,185,77,196,Southpaw,1989-01-12,36,10.0,5.0,0.0,,15,1.0594594594594595,10-5-0,4.59,46.0,4.54,,1.83,25.0,50.0,0.0
Farid Basharat,a09ed60aa67a3f67,173,61,180,Orthodox,1997-08-02,28,13.0,0.0,0.0,,13,1.0404624277456647,13-0-0,4.36,55.0,2.57,,3.97,44.0,80.0,0.5
Alexandre Pantoja,a0f0004aadf10b71,165,57,170,Orthodox,1990-04-16,35,30.0,5.0,0.0,,35,1.0303030303030303,30-5-0,4.36,50.0,3.88,,2.8,47.0,69.0,1.0
Rongzhu,a13d755965a4ec9f,175,70,180,Orthodox,2000-03-07,25,27.0,6.0,0.0,,33,1.0285714285714285,27-6-0,6.02,51.0,5.44,,1.35,62.0,84.0,0.1
Nathan Fletcher,a2d342ffc83913ed,170,61,178,Orthodox,1998-01-03,27,9.0,3.0,0.0,,12,1.0470588235294118,9-3-0,3.41,59.0,2.16,,3.37,38.0,50.0,0.7
Luana Pinheiro,a3a542074109b347,157,52,157,Orthodox,1992-11-18,32,11.0,5.0,0.0,,16,1.0,11-5-0,3.29,39.0,4.06,,2.33,37.0,71.0,0.2
JooSang Yoo,a44020ea2e8cd026,170,66,180,Orthodox,1994-01-21,31,9.0,0.0,0.0,,9,1.0588235294117647,9-0-0,12.86,75.0,4.29,,0.0,0.0,0.0,0.0
SuYoung You,a474aade8eb3a8f0,168,61,165,Orthodox,1995-12-11,29,16.0,3.0,0.0,2.0,21,0.9821428571428571,16-3-0 (2 NC),2.28,46.0,1.96,,3.8,47.0,66.0,0.4
Alonzo Menifield,a495f599e787614f,183,93,193,Orthodox,1987-10-18,37,17.0,5.0,1.0,,23,1.0546448087431695,17-5-1,3.79,53.0,3.76,,0.5,31.0,78.0,0.2
Bekzat Almakhan,a4dc0f2b95df4cc1,170,61,173,Orthodox,1997-10-08,27,12.0,2.0,0.0,,14,1.0176470588235293,12-2-0,0.68,40.0,4.29,,0.0,0.0,0.0,0.0
Melsik Baghdasaryan,a52bc1e62cf0b7c6,175,66,178,Southpaw,1992-01-28,33,8.0,3.0,0.0,,11,1.0171428571428571,8-3-0,5.04,59.0,3.14,,0.0,0.0,72.0,0.0
Carlston Harris,a53d30163304aa6e,183,77,193,Orthodox,1987-07-09,38,19.0,7.0,0.0,,26,1.0546448087431695,19-7-0,3.79,43.0,3.46,,1.46,22.0,55.0,0.6
Muin Gafurov,a54660deb6a8489c,170,61,173,Orthodox,1996-05-17,29,20.0,6.0,0.0,,26,1.0176470588235293,20-6-0,2.89,45.0,2.21,,1.47,26.0,70.0,0.0
Isaac Dulgarian,a57cb948c4c70a47,170,66,180,Orthodox,1996-07-04,29,7.0,1.0,0.0,,8,1.0588235294117647,7-1-0,3.37,64.0,1.82,,5.15,52.0,0.0,2.1
Michael Page,a67d071163962af8,190,84,201,Switch,1987-04-07,38,24.0,3.0,0.0,,27,1.0578947368421052,24-3-0,2.39,60.0,1.68,,0.23,16.0,66.0,0.0
Ryan Spann,a67f5afa8d6a1b80,196,93,201,Orthodox,1991-08-24,34,23.0,11.0,0.0,,34,1.0255102040816326,23-11-0,3.19,39.0,4.14,,1.3,34.0,52.0,1.8
SeungWoo Choi,a68575214ecad140,183,66,188,Orthodox,1992-11-03,32,11.0,8.0,0.0,,19,1.0273224043715847,11-8-0,3.56,38.0,3.16,,0.83,54.0,70.0,0.0
Gabriella Fernandes,a6eb54ae17a551be,168,57,168,Southpaw,1993-08-13,32,11.0,3.0,0.0,,14,1.0,11-3-0,3.56,48.0,5.19,,0.44,18.0,68.0,0.2
Kurt Holobaugh,a7151778b3381036,180,70,178,Orthodox,1986-09-08,38,22.0,10.0,0.0,1.0,33,0.9888888888888889,22-10-0 (1 NC),4.58,44.0,4.24,,0.65,33.0,38.0,0.8
Anshul Jubli,a72a2a769fa5a2be,183,70,175,Switch,1995-01-13,30,7.0,2.0,0.0,,9,0.9562841530054644,7-2-0,6.42,46.0,5.72,,0.81,18.0,63.0,0.4
Julija Stoliarenko,a78a87d8c2bbb1cb,170,57,168,Orthodox,1993-04-08,32,11.0,10.0,2.0,,23,0.9882352941176471,11-10-2,2.74,38.0,4.45,,0.78,20.0,54.0,1.4
Dylan Budka,a817e238b2747404,183,84,190,Switch,2000-01-14,25,7.0,5.0,0.0,,12,1.0382513661202186,7-5-0,1.06,38.0,1.8,,1.93,38.0,76.0,0.4
Jake Matthews,a845f0735bc67405,180,77,185,Orthodox,1994-08-19,31,22.0,7.0,0.0,,29,1.0277777777777777,22-7-0,3.44,43.0,2.63,,1.51,42.0,67.0,0.6
Christian Leroy Duncan,a93f94c923c3a9cb,188,84,201,Switch,1995-07-24,30,12.0,2.0,0.0,,14,1.0691489361702127,12-2-0,4.83,59.0,2.94,,0.22,11.0,71.0,0.0
Jack Jenkins,a9da3158dd2c2b5a,170,66,173,Switch,1993-11-03,31,13.0,4.0,0.0,,17,1.0176470588235293,13-4-0,4.5,61.0,2.97,,1.78,64.0,67.0,0.0
Jasmine Jasudavicius,a9e260472d321361,170,57,173,Orthodox,1989-03-01,36,14.0,3.0,0.0,,17,1.0176470588235293,14-3-0,3.71,45.0,3.63,,2.61,44.0,75.0,0.6
Juliana Miller,aa0c573da7119292,170,57,168,Orthodox,1996-05-07,29,5.0,3.0,0.0,,8,0.9882352941176471,5-3-0,2.73,44.0,3.78,,2.2,38.0,44.0,1.3
Billy Quarantillo,aa171d55d4b5208f,178,66,178,Orthodox,1988-12-08,36,18.0,7.0,0.0,,25,1.0,18-7-0,7.44,54.0,5.83,,1.47,24.0,61.0,1.0
Deiveson Figueiredo,aa72b0f831d0bfe5,165,61,173,Orthodox,1987-12-18,37,24.0,5.0,1.0,,30,1.0484848484848486,24-5-1,2.82,54.0,3.64,,1.69,35.0,58.0,1.4
Alvin Hines,ab2a4b5e04dc5fe9,188,120,188,Orthodox,1991-10-20,33,7.0,1.0,0.0,,8,1.0,7-1-0,5.47,31.0,7.47,,1.0,10.0,0.0,0.0
Julia Polastri,abb68e3c7ca128f2,157,52,160,Orthodox,1998-03-05,27,13.0,5.0,0.0,,18,1.019108280254777,13-5-0,5.62,55.0,5.37,,0.87,80.0,58.0,0.4
Iasmin Lucindo,abcf2cc6efc42031,160,52,168,Orthodox,2002-01-08,23,18.0,6.0,0.0,,24,1.05,18-6-0,3.22,45.0,2.8,,2.28,55.0,68.0,0.1
Jordan Leavitt,ac026518a9b4dc0f,175,70,180,Southpaw,1995-06-02,30,12.0,3.0,0.0,,15,1.0285714285714285,12-3-0,2.49,61.0,1.79,,2.92,30.0,30.0,1.3
Elise Reed,ac7c765882f2c68c,160,52,160,Orthodox,1992-12-05,32,8.0,5.0,0.0,,13,1.0,8-5-0,3.41,53.0,3.26,,0.46,60.0,53.0,0.0
Tofiq Musayev,ae81a3ac7b260411,175,70,175,Orthodox,1989-12-15,35,22.0,6.0,0.0,,28,1.0,22-6-0,0.44,33.0,0.44,,0.0,0.0,40.0,0.0
Kody Steele,aebaa8cec15b083d,175,70,180,Orthodox,1995-04-21,30,7.0,1.0,0.0,,8,1.0285714285714285,7-1-0,4.44,32.0,7.17,,0.62,14.0,100.0,0.0
Joe Solecki,af65aa688d13eedf,175,70,178,Orthodox,1993-08-27,32,13.0,6.0,0.0,,19,1.0171428571428571,13-6-0,1.97,53.0,1.85,,2.06,48.0,14.0,1.4
Chelsea Chandler,af9efbfd63d39734,173,61,173,Southpaw,1990-11-23,34,6.0,4.0,0.0,,10,1.0,6-4-0,3.55,45.0,4.44,,0.87,60.0,28.0,0.0
Ikram Aliskerov,b07aed698fba8624,183,84,193,Southpaw,1992-12-07,32,16.0,2.0,0.0,,18,1.0546448087431695,16-2-0,7.76,62.0,5.78,,1.14,33.0,100.0,1.1
Tatiana Suarez,b08012bbe542592a,165,52,168,Southpaw,1990-12-19,34,11.0,1.0,0.0,,12,1.018181818181818,11-1-0,3.22,61.0,1.58,,4.65,47.0,80.0,0.7
Max Griffin,b0d6a1d8ac3d563d,180,77,193,Orthodox,1985-11-29,39,20.0,12.0,0.0,,32,1.0722222222222222,20-12-0,3.76,47.0,3.7,,1.28,40.0,70.0,0.3
Gilbert Urbina,b12fb759e02378de,190,77,190,Orthodox,1996-04-05,29,7.0,5.0,0.0,,12,1.0,7-5-0,5.57,56.0,4.62,,2.86,44.0,0.0,0.7
Belal Muhammad,b1b0729d27936f2f,180,77,183,Orthodox,1988-07-09,37,24.0,4.0,0.0,1.0,29,1.0166666666666666,24-4-0 (1 NC),4.46,43.0,3.78,,2.24,38.0,90.0,0.1
Priscila Cachoeira,b1e5bcaad32a3cac,170,61,165,Orthodox,1988-08-19,37,13.0,7.0,0.0,,20,0.9705882352941176,13-7-0,4.11,44.0,7.23,,0.15,33.0,67.0,0.0
Andre Lima,b1f21ce050035d58,170,57,170,Orthodox,1999-02-04,26,11.0,0.0,0.0,,11,1.0,11-0-0,4.06,60.0,2.49,,1.36,75.0,75.0,1.1
Trevin Giles,b27a1fcb56a3035a,183,77,188,Orthodox,1992-08-06,33,16.0,7.0,0.0,,23,1.0273224043715847,16-7-0,3.17,54.0,2.39,,1.07,50.0,72.0,0.3
Gauge Young,b2a78df161bd67f9,175,70,178,Orthodox,2000-07-14,25,10.0,3.0,0.0,,13,1.0171428571428571,10-3-0,5.71,51.0,5.82,,1.0,30.0,71.0,0.0
Navajo Stirling,b4b496ec2197ee3e,193,93,201,Orthodox,1997-11-07,27,7.0,0.0,0.0,,7,1.0414507772020725,7-0-0,6.43,52.0,2.49,,1.2,30.0,78.0,0.0
Sean O'Malley,b50a426a33da0012,180,61,183,Switch,1994-10-24,30,18.0,3.0,0.0,1.0,22,1.0166666666666666,18-3-0 (1 NC),6.3,61.0,3.48,,0.27,42.0,61.0,0.3
Clayton Carpenter,b62d5280966b2460,168,57,168,Orthodox,1996-06-09,29,8.0,1.0,0.0,,9,1.0,8-1-0,3.91,55.0,2.75,,2.23,46.0,42.0,1.5
Renato Moicano,b6452706b373eea1,180,70,183,Orthodox,1989-05-21,36,20.0,7.0,1.0,,28,1.0166666666666666,20-7-1,4.17,48.0,3.57,,1.67,41.0,62.0,0.5
HyunSung Park,b671bdf981ad527d,170,57,168,Orthodox,1995-11-04,29,10.0,1.0,0.0,,11,0.9882352941176471,10-1-0,3.66,46.0,2.94,,1.59,33.0,50.0,2.4
Daniel Santos,b67d6bacc68d4c92,170,66,170,Orthodox,1995-03-12,30,13.0,2.0,0.0,,15,1.0,13-2-0,4.74,40.0,4.96,,3.03,39.0,73.0,0.0
Benardo Sopaj,b6c37948cb226e8c,168,61,168,Orthodox,2000-09-25,24,12.0,3.0,0.0,,15,1.0,12-3-0,4.24,56.0,4.88,,2.53,71.0,76.0,0.0
Nasrat Haqparast,b7b84ccd221be298,178,70,183,Southpaw,1995-08-22,30,18.0,5.0,0.0,,23,1.0280898876404494,18-5-0,6.4,45.0,6.01,,0.35,20.0,84.0,0.0
Danny Barlow,b7c5eb7cdbac6a63,188,84,201,Southpaw,1995-08-02,30,9.0,1.0,0.0,,10,1.0691489361702127,9-1-0,5.62,50.0,3.7,,0.0,0.0,100.0,0.0
Jack Shore,b8a85389d115e35a,173,66,180,Orthodox,1995-02-06,30,17.0,3.0,0.0,,20,1.0404624277456647,17-3-0,3.6,58.0,2.31,,3.22,39.0,74.0,0.6
Pat Sabatini,b8bbdeff718dbb7d,173,66,178,Orthodox,1990-11-09,34,20.0,5.0,0.0,,25,1.0289017341040463,20-5-0,1.87,62.0,1.22,,3.98,48.0,50.0,1.8
Gabriel Miranda,b909a9a9688b5284,180,66,180,Orthodox,1990-03-25,35,17.0,8.0,0.0,,25,1.0,17-8-0,3.23,43.0,6.01,,4.75,38.0,0.0,1.9
Joaquin Buckley,b9437600497350f3,178,77,193,Southpaw,1994-04-27,31,21.0,7.0,0.0,,28,1.0842696629213484,21-7-0,3.88,36.0,2.93,,1.54,45.0,72.0,0.1
Miesha Tate,b96619b3acd7d9da,168,61,165,Orthodox,1986-08-18,39,20.0,10.0,0.0,,30,0.9821428571428571,20-10-0,2.62,44.0,3.05,,1.97,30.0,56.0,1.2
Ketlen Vieira,b9706f80d005036c,173,61,173,Orthodox,1991-08-26,34,15.0,4.0,0.0,,19,1.0,15-4-0,2.84,41.0,3.72,,1.28,43.0,90.0,0.5
Geoff Neal,b997be68943010fc,180,77,190,Southpaw,1990-08-28,35,16.0,7.0,0.0,,23,1.0555555555555556,16-7-0,5.05,51.0,5.48,,0.54,45.0,87.0,0.1
Raoni Barcelos,b9f28e7045fdfce7,170,61,170,Orthodox,1987-05-01,38,20.0,5.0,0.0,,25,1.0,20-5-0,4.87,52.0,4.4,,2.33,33.0,85.0,0.6
Jose Medina,baa9be02c3e3e038,183,84,188,Orthodox,1991-05-17,34,11.0,5.0,0.0,,16,1.0273224043715847,11-5-0,2.18,36.0,5.25,,0.45,33.0,31.0,0.0
Lone'er Kavanagh,bb2c3c3a466224af,168,57,170,Orthodox,1999-06-09,26,9.0,1.0,0.0,,10,1.0119047619047619,9-1-0,4.29,49.0,3.69,,1.79,50.0,88.0,0.4
Javid Basharat,bbab3baf66128ae2,175,61,175,Orthodox,1995-09-07,30,14.0,2.0,0.0,1.0,17,1.0,14-2-0 (1 NC),5.41,53.0,2.96,,1.62,40.0,83.0,0.2
Mario Bautista,bc711b6dd95c1af6,175,61,175,Switch,1993-07-01,32,16.0,2.0,0.0,,18,1.0,16-2-0,6.13,49.0,4.45,,1.67,33.0,67.0,0.8
Jaqueline Amorim,bc7d1ad49fcb2d08,160,52,173,Orthodox,1995-06-24,30,10.0,1.0,0.0,,11,1.08125,10-1-0,2.68,53.0,1.43,,2.22,37.0,0.0,4.8
Melissa Mullins,bd532e9a2b93870c,170,61,173,Orthodox,1991-07-23,34,7.0,2.0,0.0,,9,1.0176470588235293,7-2-0,3.71,50.0,4.39,,2.03,42.0,85.0,0.0
Austen Lane,be9bdec19b7e9ffe,198,111,203,Orthodox,1987-11-09,37,13.0,7.0,0.0,1.0,21,1.0252525252525253,13-7-0 (1 NC),2.74,50.0,2.23,,1.52,28.0,33.0,0.0
Amanda Ribas,beecb672a279223e,163,52,168,Orthodox,1993-08-26,32,13.0,7.0,0.0,,20,1.030674846625767,13-7-0,4.26,39.0,3.29,,2.05,52.0,82.0,0.6
Myktybek Orolbai,bf2c8e01b07d3eb1,178,70,188,Orthodox,1998-02-10,27,14.0,2.0,1.0,,17,1.0561797752808988,14-2-1,3.11,48.0,3.08,,5.82,45.0,40.0,0.7
Cody Stamann,bf7ad5628363eec9,168,61,163,Orthodox,1989-11-09,35,21.0,8.0,1.0,,30,0.9702380952380952,21-8-1,4.32,46.0,3.91,,2.17,37.0,76.0,0.0
Merab Dvalishvili,c03520b5c88ed6b4,168,61,173,Orthodox,1991-01-10,34,20.0,4.0,0.0,,24,1.0297619047619047,20-4-0,4.31,42.0,2.48,,5.84,35.0,82.0,0.3
Jesus Aguilar,c051c2e12d692b8a,163,57,157,Orthodox,1996-03-13,29,11.0,3.0,0.0,,14,0.9631901840490797,11-3-0,1.73,45.0,1.1,,1.83,35.0,40.0,1.8
Marcus McGhee,c0ac37a4a1133da9,173,61,175,Orthodox,1990-05-07,35,10.0,2.0,0.0,,12,1.0115606936416186,10-2-0,5.5,45.0,3.64,,0.31,14.0,90.0,0.3
Alexandr Romanov,c0badf3243907e59,188,119,190,Southpaw,1990-12-11,34,18.0,3.0,0.0,,21,1.0106382978723405,18-3-0,3.78,51.0,2.13,,4.49,55.0,28.0,0.9
Joe Pyfer,c1085e1701b13eca,188,84,190,Orthodox,1996-09-17,28,14.0,3.0,0.0,,17,1.0106382978723405,14-3-0,3.74,43.0,3.2,,1.35,42.0,60.0,0.7
Junior Tafa,c15fa95b9a12fde4,190,93,190,Orthodox,1996-09-21,28,6.0,4.0,0.0,,10,1.0,6-4-0,3.19,51.0,2.49,,0.0,0.0,69.0,0.0
Johnny Walker,c21f26bbde777573,198,93,208,Orthodox,1992-03-30,33,22.0,9.0,0.0,1.0,32,1.0505050505050506,22-9-0 (1 NC),4.06,55.0,3.09,,0.42,60.0,57.0,0.8
Benoit Saint Denis,c2299ec916bc7c56,180,70,185,Southpaw,1995-12-18,29,15.0,3.0,0.0,1.0,19,1.0277777777777777,15-3-0 (1 NC),5.05,55.0,4.19,,4.35,37.0,70.0,1.6
Michael Morales,c32aeb1a59e6272d,183,77,201,Orthodox,1999-06-24,26,18.0,0.0,0.0,,18,1.098360655737705,18-0-0,5.62,49.0,3.31,,1.09,41.0,89.0,0.0
Yuneisy Duben,c3d2b9bcb4cead6b,163,57,165,Orthodox,1996-07-08,29,6.0,1.0,0.0,1.0,8,1.0122699386503067,6-1-0 (1 NC),13.53,48.0,10.75,,0.0,0.0,0.0,0.0
Yan Xiaonan,c41d426cc7326d1b,165,52,160,Orthodox,1989-06-16,36,19.0,5.0,0.0,1.0,25,0.9696969696969697,19-5-0 (1 NC),4.69,45.0,3.23,,0.84,73.0,64.0,0.0
Clay Guida,c47df9303d318c67,170,70,178,Orthodox,1981-12-08,43,38.0,22.0,0.0,,60,1.0470588235294118,38-22-0,2.63,33.0,3.0,,3.1,35.0,66.0,0.6
Dennis Buzukja,c4d039123e62f6a9,175,66,178,Switch,1997-10-01,27,12.0,5.0,0.0,,17,1.0171428571428571,12-5-0,4.21,43.0,4.82,,0.63,27.0,75.0,0.2
Michael Chiesa,c58f51dedb310998,185,77,190,Southpaw,1987-12-07,37,19.0,7.0,0.0,,26,1.027027027027027,19-7-0,2.03,40.0,1.73,,3.05,47.0,67.0,1.0
Ramon Taveras,c5ccd878231c5407,173,66,178,Southpaw,1994-01-09,31,10.0,3.0,0.0,,13,1.0289017341040463,10-3-0,4.62,44.0,7.41,,0.0,0.0,100.0,0.0
Tai Tuivasa,c62fbc117d57b943,188,120,190,Southpaw,1993-03-16,32,15.0,8.0,0.0,,23,1.0106382978723405,15-8-0,3.77,46.0,5.18,,0.0,0.0,57.0,0.0
Chidi Njokuani,c68c68efaa5ca6ef,190,77,203,Orthodox,1988-12-31,36,25.0,11.0,0.0,1.0,37,1.068421052631579,25-11-0 (1 NC),4.72,62.0,2.64,,0.0,0.0,73.0,0.2
Randy Brown,c6aee362c7a7d482,190,77,198,Orthodox,1990-07-08,35,20.0,6.0,0.0,,26,1.0421052631578946,20-6-0,4.47,47.0,3.26,,0.79,39.0,73.0,0.6
Jared Gooden,c730a0be691dc081,183,77,196,Orthodox,1993-12-05,31,23.0,10.0,0.0,,33,1.0710382513661203,23-10-0,4.4,48.0,6.74,,0.91,45.0,65.0,0.4
Yanal Ashmouz,c739c2995a275314,175,70,175,Orthodox,1995-03-31,30,8.0,2.0,0.0,,10,1.0,8-2-0,2.88,50.0,4.78,,3.24,38.0,64.0,0.0
Jessica Penne,c742287ed86a09bc,165,52,170,Orthodox,1983-01-30,42,14.0,9.0,0.0,,23,1.0303030303030303,14-9-0,2.63,33.0,5.05,,1.29,18.0,36.0,0.5
Vinc Pichel,c77a953488e5607d,178,70,183,Orthodox,1982-11-23,42,14.0,5.0,0.0,,19,1.0280898876404494,14-5-0,3.78,46.0,3.17,,2.5,51.0,31.0,0.2
Chad Anheliger,c7c39e2fb70248b3,168,61,163,Orthodox,1986-12-01,38,13.0,8.0,0.0,,21,0.9702380952380952,13-8-0,3.11,46.0,2.76,,0.68,30.0,38.0,0.5
Rafael Fiziev,c814b4c899793af6,173,70,180,Switch,1993-03-05,32,13.0,4.0,0.0,,17,1.0404624277456647,13-4-0,4.77,52.0,4.77,,0.89,72.0,90.0,0.0
Feng Xiaocan,c940b42df95bbd28,170,52,170,Southpaw,2001-12-27,23,10.0,4.0,0.0,,14,1.0,10-4-0,4.18,49.0,1.49,,0.7,100.0,63.0,0.0
Tim Elliott,c96d9178c9ed9e62,170,57,168,Southpaw,1986-12-24,38,22.0,13.0,1.0,,36,0.9882352941176471,22-13-1,3.37,44.0,2.65,,3.71,47.0,59.0,1.1
Marcin Tybura,c9cf753cfdf77fc2,190,112,198,Orthodox,1985-11-09,39,27.0,10.0,0.0,,37,1.0421052631578946,27-10-0,3.59,48.0,3.33,,1.38,33.0,75.0,0.1
Nurullo Aliev,ca28cdf526d6b6e9,178,70,183,Orthodox,2000-12-08,24,10.0,0.0,0.0,,10,1.0280898876404494,10-0-0,2.43,45.0,1.07,,2.6,54.0,0.0,0.0
Kaynan Kruschewsky,ca36633b80be4a78,183,70,185,Orthodox,1991-04-04,34,15.0,3.0,0.0,1.0,19,1.010928961748634,15-3-0 (1 NC),5.67,50.0,5.71,,2.74,100.0,75.0,2.1
Eryk Anders,cad24459b28592ca,185,84,190,Southpaw,1987-04-21,38,17.0,9.0,0.0,1.0,27,1.027027027027027,17-9-0 (1 NC),3.51,48.0,4.09,,1.75,24.0,80.0,0.1
Aljamain Sterling,cb696ebfb6598724,170,66,180,Orthodox,1989-07-31,36,25.0,5.0,0.0,,30,1.0588235294117647,25-5-0,4.45,52.0,2.21,,2.45,30.0,44.0,0.6
Yair Rodriguez,cbf5e6f231b55443,180,66,180,Orthodox,1992-10-06,32,21.0,6.0,0.0,1.0,28,1.0,21-6-0 (1 NC),4.65,46.0,3.78,,0.71,29.0,59.0,0.6
Montel Jackson,cc1a8b4b38b92c6d,178,61,190,Southpaw,1992-04-24,33,15.0,2.0,0.0,,17,1.0674157303370786,15-2-0,3.22,53.0,1.39,,3.24,62.0,68.0,0.4
Mayra Bueno Silva,cc8c623cca88f54f,168,57,168,Orthodox,1991-08-22,34,10.0,5.0,1.0,1.0,17,1.0,10-5-1 (1 NC),3.83,58.0,4.85,,0.57,29.0,63.0,1.5
Ion Cutelaba,cd13728ae1151f46,185,93,190,Southpaw,1993-12-14,31,19.0,11.0,1.0,1.0,32,1.027027027027027,19-11-1 (1 NC),4.26,43.0,3.34,,3.77,49.0,75.0,0.1
Marina Rodriguez,cd2c4d30c6e13b47,168,52,165,Orthodox,1987-04-29,38,17.0,6.0,2.0,,25,0.9821428571428571,17-6-2,4.51,46.0,3.01,,0.27,50.0,61.0,0.3
Ricky Turcios,cd3d7e37ff2d679c,175,61,180,Orthodox,1993-06-05,32,13.0,5.0,0.0,,18,1.0285714285714285,13-5-0,4.73,40.0,3.72,,0.91,20.0,44.0,0.4
Alex Morono,cdb96af67d096b1e,180,77,183,Orthodox,1990-08-16,35,24.0,12.0,0.0,1.0,37,1.0166666666666666,24-12-0 (1 NC),5.03,40.0,4.78,,0.33,24.0,47.0,0.3
Trey Ogden,cfc3e7bb44685289,180,70,183,Orthodox,1989-11-14,35,18.0,7.0,0.0,1.0,26,1.0166666666666666,18-7-0 (1 NC),3.2,50.0,3.49,,1.89,32.0,100.0,0.7
Denise Gomes,cffb87059e645bd1,157,52,160,Orthodox,1999-12-30,25,11.0,3.0,0.0,,14,1.019108280254777,11-3-0,4.59,50.0,3.04,,1.19,36.0,67.0,0.8
JeongYeong Lee,d008d785f6347dc2,178,66,185,Orthodox,1995-11-13,29,11.0,3.0,0.0,,14,1.0393258426966292,11-3-0,3.38,49.0,3.82,,0.63,66.0,72.0,0.3
Julian Marquez,d0e1b42d41dab603,188,84,183,Orthodox,1990-05-08,35,9.0,6.0,0.0,,15,0.973404255319149,9-6-0,5.06,45.0,5.35,,0.0,0.0,54.0,2.6
Jose Aldo,d0f3959b4a9747e6,170,61,178,Orthodox,1986-09-09,38,32.0,10.0,0.0,,42,1.0470588235294118,32-10-0,3.65,46.0,3.81,,0.47,51.0,92.0,0.1
AJ Cunningham,d1053e55f00e53fe,178,61,180,Orthodox,1994-09-07,31,11.0,5.0,0.0,,16,1.0112359550561798,11-5-0,4.22,29.0,6.31,,0.0,0.0,46.0,0.5
Jim Miller,d1941565abf50b16,173,70,180,Southpaw,1983-08-30,42,38.0,19.0,0.0,1.0,58,1.0404624277456647,38-19-0 (1 NC),2.92,42.0,3.44,,1.5,45.0,48.0,1.7
Gregory Rodrigues,d1c65d2cf2925ddd,190,84,190,Orthodox,1992-02-17,33,17.0,6.0,0.0,,23,1.0,17-6-0,5.54,51.0,5.04,,2.21,38.0,90.0,0.3
Baisangur Susurkaev,d1feea7a4bdcd503,188,84,201,Orthodox,2001-01-08,24,10.0,0.0,0.0,,10,1.0691489361702127,10-0-0,4.56,58.0,2.88,,2.98,28.0,100.0,1.5
Cub Swanson,d247691a6c0e9034,173,66,178,Orthodox,1983-11-02,41,30.0,14.0,0.0,,44,1.0289017341040463,30-14-0,4.79,51.0,4.0,,1.01,50.0,63.0,0.4
Tabatha Ricci,d25240135aee03e5,155,52,155,Orthodox,1995-02-21,30,12.0,3.0,0.0,,15,1.0,12-3-0,4.18,36.0,5.19,,2.69,37.0,78.0,0.1
Stipe Miocic,d28dee5c705991df,193,109,203,Orthodox,1982-08-19,43,20.0,5.0,0.0,,25,1.0518134715025906,20-5-0,4.67,52.0,4.01,,1.74,34.0,65.0,0.0
Austin Hubbard,d2cd7a69cc55e7ed,178,70,180,Orthodox,1991-12-22,33,17.0,10.0,0.0,,27,1.0112359550561798,17-10-0,3.97,42.0,4.1,,1.63,28.0,68.0,0.1
Fernando Padilla,d2f43cfaf8ca3560,185,66,193,Orthodox,1996-12-15,28,16.0,6.0,0.0,,22,1.0432432432432432,16-6-0,6.07,40.0,5.74,,0.0,0.0,100.0,0.6
Rodrigo Nascimento,d31a5546c0e9b213,188,112,203,Orthodox,1992-11-26,32,11.0,3.0,0.0,1.0,15,1.0797872340425532,11-3-0 (1 NC),3.71,47.0,4.34,,1.02,37.0,60.0,0.5
Kai Asakura,d33da8a3d82bdb62,173,57,175,Orthodox,1993-10-31,31,21.0,6.0,0.0,,27,1.0115606936416186,21-6-0,2.27,32.0,3.53,,0.0,0.0,50.0,0.0
Talita Alencar,d35298b6df168456,155,52,147,Orthodox,1990-10-17,34,6.0,1.0,1.0,,8,0.9483870967741935,6-1-1,2.62,33.0,3.77,,2.5,20.0,50.0,0.2
Karl Williams,d35f734c56a89103,190,107,201,Orthodox,1990-01-06,35,10.0,2.0,0.0,,12,1.0578947368421052,10-2-0,2.68,48.0,2.15,,4.2,48.0,100.0,0.2
Derrick Lewis,d3df1add9d9a7efb,190,118,201,Orthodox,1985-02-07,40,29.0,12.0,0.0,1.0,42,1.0578947368421052,29-12-0 (1 NC),2.51,50.0,2.49,,0.56,26.0,52.0,0.0
Norma Dumont,d3f5d33d61cd00c9,170,61,170,Orthodox,1990-10-01,34,12.0,2.0,0.0,,14,1.0,12-2-0,3.86,50.0,2.16,,1.72,56.0,72.0,0.0
Austin Bashi,d3f89fa685bd8420,168,66,178,Orthodox,2001-09-29,23,14.0,1.0,0.0,,15,1.0595238095238095,14-1-0,1.75,47.0,2.34,,7.81,41.0,62.0,1.7
Anthony Smith,d4c9dcd330403612,193,93,193,Orthodox,1988-07-26,37,38.0,22.0,0.0,,60,1.0,38-22-0,3.19,49.0,5.04,,0.44,22.0,50.0,0.6
Reinier de Ridder,d549cefc7c54ab78,193,84,198,Southpaw,1990-09-07,35,21.0,2.0,0.0,,23,1.0259067357512954,21-2-0,2.95,52.0,2.44,,2.86,27.0,66.0,0.6
Ryan Loder,d5bab53a1a603aac,188,84,193,Southpaw,1991-06-05,34,8.0,2.0,0.0,,10,1.0265957446808511,8-2-0,5.76,71.0,2.51,,1.57,14.0,100.0,1.6
Petr Yan,d661ce4da776fc20,170,61,170,Switch,1993-02-11,32,19.0,5.0,0.0,,24,1.0,19-5-0,5.12,54.0,4.14,,1.58,48.0,85.0,0.1
Shi Ming,d683f4870742b273,157,52,152,Orthodox,1994-11-14,30,17.0,6.0,0.0,,23,0.9681528662420382,17-6-0,3.12,36.0,2.92,,0.81,30.0,57.0,0.0
Kyle Daukaus,d6c0cdd7e467c440,188,84,193,Southpaw,1993-02-27,32,16.0,4.0,0.0,1.0,21,1.0265957446808511,16-4-0 (1 NC),3.25,53.0,2.93,,2.11,25.0,82.0,1.9
Karolina Kowalkiewicz,d7c3816669784109,160,52,163,Orthodox,1985-10-15,39,16.0,9.0,0.0,,25,1.01875,16-9-0,5.54,43.0,5.51,,0.31,22.0,74.0,0.2
Diana Belbita,d7e40dca3ae125be,170,57,173,Orthodox,1996-06-26,29,15.0,10.0,0.0,,25,1.0176470588235293,15-10-0,6.45,41.0,6.55,,0.86,62.0,64.0,0.0
Brendon Marotte,d7fe8c6b7d2872e5,175,66,178,Orthodox,1996-01-12,29,8.0,3.0,0.0,,11,1.0171428571428571,8-3-0,0.41,50.0,5.7,,0.0,0.0,0.0,0.0
Magomed Ankalaev,d802174b0c0c1f4e,190,93,190,Orthodox,1992-06-02,33,21.0,1.0,1.0,1.0,24,1.0,21-1-1 (1 NC),3.66,52.0,2.46,,0.8,22.0,87.0,0.0
Cody Garbrandt,d8c7c61b176e3994,173,61,165,Orthodox,1991-07-07,34,14.0,7.0,0.0,,21,0.953757225433526,14-7-0,2.88,39.0,3.64,,0.93,27.0,83.0,0.0
Rinya Nakamura,d8c811df0386d5e8,170,61,173,Southpaw,1995-03-23,30,10.0,1.0,0.0,,11,1.0176470588235293,10-1-0,3.27,52.0,1.72,,2.58,81.0,100.0,1.4
Niko Price,d8da10db80131bec,183,77,193,Orthodox,1989-09-29,35,16.0,9.0,0.0,2.0,27,1.0546448087431695,16-9-0 (2 NC),5.13,43.0,5.55,,0.98,28.0,50.0,0.6
Carla Esparza,d910665038efc639,155,52,160,Orthodox,1987-10-10,37,20.0,8.0,0.0,,28,1.032258064516129,20-8-0,2.19,39.0,2.87,,3.28,36.0,47.0,0.3
Thiago Moises,d945aae53e3e54e6,175,70,178,Orthodox,1995-03-23,30,19.0,9.0,0.0,,28,1.0171428571428571,19-9-0,2.48,42.0,4.08,,1.31,35.0,52.0,1.1
Danny Silva,d964a59c48381cb6,180,66,178,Switch,1997-01-30,28,10.0,2.0,0.0,,12,0.9888888888888889,10-2-0,6.67,55.0,7.47,,2.0,33.0,81.0,0.2
Evan Elder,d9a56ecb6e94f02e,178,70,183,Switch,1997-04-11,28,10.0,2.0,0.0,,12,1.0280898876404494,10-2-0,5.66,50.0,4.94,,0.48,15.0,40.0,0.5
Bryce Mitchell,d9c6f19f958643e9,178,61,178,Southpaw,1994-10-04,30,18.0,4.0,0.0,,22,1.0,18-4-0,2.27,59.0,1.6,,3.24,36.0,33.0,1.2
Da'Mon Blackshear,da22387a0407a2dc,178,61,183,Switch,1994-08-12,31,17.0,8.0,1.0,,26,1.0280898876404494,17-8-1,4.33,45.0,4.19,,1.48,33.0,71.0,1.5
Mohammed Usman,da7f113b5ea39c43,188,108,201,Orthodox,1989-04-01,36,12.0,4.0,0.0,,16,1.0691489361702127,12-4-0,3.85,39.0,4.27,,0.56,14.0,66.0,0.0
Alex Reyes,dc07493a87dc0a6e,180,70,185,Orthodox,1986-10-02,38,13.0,5.0,0.0,,18,1.0277777777777777,13-5-0,4.46,46.0,6.92,,1.5,28.0,0.0,0.0
Victor Altamirano,dc7927cd622676a7,173,57,178,Switch,1991-01-23,34,12.0,5.0,0.0,,17,1.0289017341040463,12-5-0,4.58,53.0,3.82,,2.88,38.0,63.0,0.0
Colby Covington,dc9572dd6ec74859,180,77,183,Orthodox,1988-02-22,37,17.0,5.0,0.0,,22,1.0166666666666666,17-5-0,3.81,38.0,3.09,,3.64,42.0,68.0,0.2
Matt Frevola,dccb63727f2f5f74,175,70,180,Orthodox,1990-06-11,35,11.0,5.0,1.0,,17,1.0285714285714285,11-5-1,3.37,40.0,3.69,,2.39,39.0,36.0,1.0
Mike Malott,dd6103dd7127db1d,185,77,185,Orthodox,1991-11-07,33,12.0,2.0,1.0,,15,1.0,12-2-1,4.09,47.0,2.96,,2.08,56.0,16.0,0.7
Kevin Jousset,dda15dbfafb792df,188,77,190,Orthodox,1993-05-02,32,10.0,4.0,0.0,,14,1.0106382978723405,10-4-0,6.61,51.0,6.49,,0.69,40.0,100.0,0.3
Eduarda Moura,de594b35c45c2e9a,168,57,170,Orthodox,1994-02-28,31,12.0,1.0,0.0,,13,1.0119047619047619,12-1-0,3.04,37.0,2.47,,3.73,37.0,80.0,0.3
Brian Ortega,def8166ff24bd237,173,66,175,Switch,1991-02-21,34,16.0,5.0,0.0,1.0,22,1.0115606936416186,16-5-0 (1 NC),3.84,37.0,6.38,,0.93,25.0,54.0,0.9
Jamall Emmers,e00a3dee329a51f7,178,66,188,Orthodox,1989-07-24,36,21.0,8.0,0.0,,29,1.0561797752808988,21-8-0,5.45,49.0,4.07,,1.74,40.0,80.0,0.2
Chepe Mariscal,e0c6edcb5b5d0b90,170,66,175,Orthodox,1992-10-27,32,18.0,6.0,0.0,1.0,25,1.0294117647058822,18-6-0 (1 NC),4.95,56.0,3.07,,2.85,39.0,73.0,0.2
Lucas Rocha,e0d3d9b564f95635,160,57,163,Orthodox,2000-08-12,25,17.0,2.0,0.0,,19,1.01875,17-2-0,2.0,44.0,4.48,,0.0,0.0,61.0,0.0
Robert Whittaker,e1147d3d2dabe1ce,183,84,185,Orthodox,1990-12-20,34,27.0,9.0,0.0,,36,1.010928961748634,27-9-0,4.39,43.0,3.36,,0.73,38.0,82.0,0.0
Alexander Volkanovski,e1248941344b3288,168,66,180,Orthodox,1988-09-29,36,27.0,4.0,0.0,,31,1.0714285714285714,27-4-0,6.18,56.0,3.36,,1.67,34.0,70.0,0.2
Rafa Garcia,e132d47bd9efbbe0,170,70,178,Orthodox,1994-08-05,31,17.0,4.0,0.0,,21,1.0470588235294118,17-4-0,4.01,43.0,4.47,,3.21,43.0,77.0,0.2
Justin Tafa,e13abac8089a801a,183,120,188,Southpaw,1993-12-13,31,7.0,5.0,0.0,1.0,13,1.0273224043715847,7-5-0 (1 NC),4.05,54.0,5.11,,0.0,0.0,53.0,0.0
William Gomis,e1d40e8782d80bc2,183,66,185,Southpaw,1997-06-13,28,15.0,3.0,0.0,,18,1.010928961748634,15-3-0,3.48,49.0,2.76,,0.86,38.0,72.0,0.3
MarQuel Mederos,e2be0c1a9b886d92,178,70,175,Orthodox,1996-11-30,28,11.0,1.0,0.0,,12,0.9831460674157303,11-1-0,4.84,56.0,2.99,,0.0,0.0,83.0,0.0
Serghei Spivac,e2f6b2769aaedd6c,190,118,198,Orthodox,1995-01-24,30,17.0,6.0,0.0,,23,1.0421052631578946,17-6-0,3.45,48.0,4.25,,4.21,62.0,63.0,0.5
Piera Rodriguez,e375cb5caf4717b6,160,52,160,Orthodox,1992-11-11,32,11.0,2.0,0.0,,13,1.0,11-2-0,3.54,47.0,2.81,,4.53,54.0,73.0,0.0
Jacqueline Cavalcanti,e3964ece586e0635,173,61,178,Orthodox,1997-08-29,28,9.0,1.0,0.0,,10,1.0289017341040463,9-1-0,5.73,46.0,3.32,,0.0,0.0,84.0,0.0
Dustin Jacoby,e4277e87a789d687,190,93,193,Orthodox,1988-04-04,37,21.0,9.0,1.0,,31,1.0157894736842106,21-9-1,5.37,47.0,4.02,,0.33,25.0,62.0,0.0
Ignacio Bahamondes,e4a47b07044ddd72,190,70,190,Orthodox,1997-08-27,28,17.0,6.0,0.0,,23,1.0,17-6-0,6.55,45.0,4.33,,0.0,0.0,75.0,0.4
Dan Argueta,e4ba58725825412d,170,61,173,Southpaw,1993-08-13,32,9.0,3.0,0.0,2.0,14,1.0176470588235293,9-3-0 (2 NC),2.48,43.0,3.44,,4.36,35.0,55.0,1.4
Ernesta Kareckaite,e4faa79383c9f214,175,57,180,Orthodox,1998-07-05,27,6.0,1.0,1.0,,8,1.0285714285714285,6-1-1,7.38,42.0,6.09,,0.67,66.0,82.0,0.0
Alex Pereira,e5549c82bfb5582d,193,93,201,Orthodox,1987-07-07,38,12.0,3.0,0.0,,15,1.0414507772020725,12-3-0,5.0,62.0,3.5,,0.11,50.0,78.0,0.2
Li Jingliang,e64b96c07d7ce999,183,77,180,Orthodox,1988-03-20,37,19.0,9.0,0.0,,28,0.9836065573770492,19-9-0,4.46,42.0,3.95,,1.19,41.0,60.0,0.0
Islam Dulatov,e803242fb2e41112,190,77,190,Orthodox,1998-08-02,27,12.0,1.0,0.0,,13,1.0,12-1-0,8.78,54.0,4.24,,2.2,100.0,100.0,0.0
Alexa Grasso,e8b731feff72294b,165,57,168,Orthodox,1993-08-09,32,16.0,5.0,1.0,,22,1.018181818181818,16-5-1,4.11,41.0,3.73,,0.41,35.0,54.0,0.6
Daniel Barez,e8fe9c15d348e778,168,57,168,Orthodox,1988-12-10,36,17.0,7.0,0.0,,24,1.0,17-7-0,3.65,49.0,5.95,,1.93,28.0,80.0,0.6
Azamat Murzakanov,e90a2f22417af68e,178,93,180,Southpaw,1989-04-12,36,15.0,0.0,0.0,,15,1.0112359550561798,15-0-0,4.93,57.0,2.86,,0.58,15.0,83.0,0.0
Dooho Choi,e93b04e308913c2e,178,66,178,Orthodox,1991-04-10,34,16.0,4.0,1.0,,21,1.0,16-4-1,4.67,56.0,4.02,,1.43,53.0,47.0,0.6
Sam Hughes,e94085e821bd81de,165,52,163,Orthodox,1992-06-28,33,11.0,6.0,0.0,,17,0.9878787878787879,11-6-0,4.34,46.0,4.44,,1.23,35.0,60.0,0.2
Mitch Ramirez,e99eb0ef25885de5,180,70,180,Orthodox,1992-11-03,32,8.0,3.0,0.0,,11,1.0,8-3-0,3.51,44.0,3.98,,0.59,33.0,25.0,0.0
Paul Craig,eabf206b162b3b83,190,93,193,Orthodox,1987-11-27,37,17.0,10.0,1.0,1.0,29,1.0157894736842106,17-10-1 (1 NC),2.5,45.0,3.04,,1.43,18.0,35.0,1.3
Abdul Razak Alhassan,eae431e70064e046,178,84,185,Orthodox,1985-08-11,40,12.0,7.0,0.0,1.0,20,1.0393258426966292,12-7-0 (1 NC),3.64,49.0,4.01,,0.84,33.0,51.0,0.2
Ismael Bonfim,eb393afdbe3293d5,173,70,180,Orthodox,1995-12-28,29,20.0,5.0,0.0,,25,1.0404624277456647,20-5-0,5.73,55.0,3.1,,0.96,33.0,76.0,0.0
Victor Henry,eb8d8c2a95cfccb8,170,61,173,Switch,1987-05-04,38,25.0,7.0,0.0,1.0,33,1.0176470588235293,25-7-0 (1 NC),7.17,53.0,5.19,,1.04,42.0,81.0,0.3
Kaue Fernandes,ec13c393d029297d,175,70,185,Orthodox,1995-03-17,30,11.0,2.0,0.0,,13,1.0571428571428572,11-2-0,4.28,55.0,1.42,,1.18,100.0,76.0,0.0
Colby Thicknesse,ed7d329d7c29428d,170,61,175,Orthodox,1999-06-23,26,7.0,1.0,0.0,,8,1.0294117647058822,7-1-0,2.53,29.0,2.73,,0.0,0.0,50.0,0.0
Ottman Azaitar,ee18ff42063174df,173,70,180,Switch,1990-02-20,35,13.0,3.0,0.0,,16,1.0404624277456647,13-3-0,4.43,44.0,4.11,,0.0,0.0,100.0,0.0
Bogdan Guskov,ef5dcb10d2bd4b0f,190,93,193,Orthodox,1992-09-12,32,18.0,3.0,0.0,,21,1.0157894736842106,18-3-0,4.17,55.0,3.3,,0.0,0.0,57.0,1.1
Song Yadong,efb96bf3e9ada36f,173,61,170,Orthodox,1997-12-02,27,22.0,8.0,1.0,1.0,32,0.9826589595375722,22-8-1 (1 NC),4.58,43.0,4.0,,0.61,38.0,73.0,0.1
Istela Nunes,efc67b07eed39794,163,52,168,Orthodox,1992-07-23,33,6.0,6.0,0.0,1.0,13,1.030674846625767,6-6-0 (1 NC),4.28,47.0,4.07,,0.0,0.0,47.0,0.0
Tagir Ulanbekov,f00ac08ab056af5d,170,57,178,Southpaw,1991-08-07,34,17.0,2.0,0.0,,19,1.0470588235294118,17-2-0,3.37,49.0,3.36,,2.94,38.0,62.0,1.6
Angela Hill,f0feeb2192937424,160,52,163,Orthodox,1985-01-12,40,18.0,15.0,0.0,,33,1.01875,18-15-0,5.43,50.0,4.92,,0.78,30.0,74.0,0.1
Sergei Pavlovich,f14cf73e51b29254,190,117,213,Southpaw,1992-05-13,33,20.0,3.0,0.0,,23,1.1210526315789473,20-3-0,4.43,44.0,3.62,,0.48,25.0,75.0,0.0
Cody Brundage,f14f644d41ade29f,183,84,183,Orthodox,1994-05-16,31,11.0,7.0,1.0,1.0,20,1.0,11-7-1 (1 NC),2.2,51.0,2.72,,2.05,46.0,68.0,0.6
Diego Lopes,f166e93d04a8c274,180,66,183,Orthodox,1994-12-30,30,26.0,7.0,0.0,,33,1.0166666666666666,26-7-0,3.7,47.0,4.76,,0.35,40.0,67.0,1.9
Carli Judice,f1ab6f37492c630a,170,57,173,Southpaw,1999-03-02,26,5.0,2.0,0.0,,7,1.0176470588235293,5-2-0,10.73,52.0,8.08,,0.7,25.0,77.0,0.0
Kamaru Usman,f1b2aa7853d1ed6e,183,77,193,Switch,1987-05-11,38,21.0,4.0,0.0,,25,1.0546448087431695,21-4-0,4.16,51.0,2.67,,2.79,44.0,89.0,0.1
Charles Jourdain,f1d64ae34e088832,175,61,175,Switch,1995-11-27,29,16.0,8.0,1.0,,25,1.0,16-8-1,5.43,48.0,4.27,,0.34,21.0,47.0,0.6
Leon Edwards,f1fac969a1d70b08,188,77,188,Southpaw,1991-08-25,34,22.0,5.0,0.0,1.0,28,1.0,22-5-0 (1 NC),2.62,54.0,2.42,,1.18,36.0,63.0,0.4
Jonathan Martinez,f2477cf43c4975cc,173,61,178,Southpaw,1994-04-20,31,19.0,6.0,0.0,,25,1.0289017341040463,19-6-0,4.44,49.0,4.09,,0.38,35.0,68.0,0.1
Victor Hugo,f264ba50b007f39e,170,61,180,Orthodox,1992-11-22,32,25.0,5.0,0.0,,30,1.0588235294117647,25-5-0,3.27,44.0,2.95,,0.81,33.0,73.0,1.2
Ronaldo Rodriguez,f2900678e98f6d6a,168,57,165,Orthodox,1999-05-07,26,17.0,3.0,0.0,,20,0.9821428571428571,17-3-0,2.71,43.0,3.8,,1.09,36.0,64.0,0.8
Miranda Maverick,f29a6350c69f4a33,160,57,165,Southpaw,1997-07-01,28,17.0,6.0,0.0,,23,1.03125,17-6-0,3.22,44.0,2.25,,2.16,40.0,45.0,0.4
Nora Cornolle,f2b3f4ef3f780168,170,61,170,Orthodox,1989-12-06,35,9.0,3.0,0.0,,12,1.0,9-3-0,2.75,54.0,1.98,,0.25,11.0,47.0,0.2
Gabriel Santos,f2f140ce7532e327,175,66,178,Orthodox,1996-11-28,28,12.0,2.0,0.0,,14,1.0171428571428571,12-2-0,4.35,60.0,4.31,,3.8,54.0,87.0,1.2
Jamal Pogues,f41b9f5efc7162d6,190,93,196,Orthodox,1995-12-01,29,11.0,5.0,0.0,,16,1.0315789473684212,11-5-0,3.57,46.0,3.97,,2.0,46.0,70.0,0.0
Bassil Hafez,f4d92416da98804b,180,77,183,Orthodox,1992-01-31,33,9.0,4.0,1.0,,14,1.0166666666666666,9-4-1,3.71,38.0,5.68,,2.21,24.0,50.0,0.0
Diego Ferreira,f53d4f21d1b5f2dc,175,70,188,Orthodox,1985-01-18,40,19.0,6.0,0.0,,25,1.0742857142857143,19-6-0,4.82,40.0,3.46,,0.86,30.0,57.0,0.6
Valter Walker,f5779a2303ed76ec,198,120,198,Orthodox,1997-12-14,27,14.0,1.0,0.0,,15,1.0,14-1-0,1.9,49.0,2.89,,5.43,66.0,0.0,2.0
Bryan Battle,f626118b6da0e020,185,84,196,Orthodox,1994-09-21,30,13.0,2.0,0.0,1.0,16,1.0594594594594595,13-2-0 (1 NC),5.12,52.0,4.11,,0.77,17.0,53.0,0.4
Mason Jones,f6ad6a1e4d600e0d,178,70,188,Orthodox,1995-04-26,30,17.0,2.0,0.0,1.0,20,1.0561797752808988,17-2-0 (1 NC),5.71,41.0,4.47,,4.17,55.0,81.0,0.2
Rhys McKee,f748267c4ab6c127,188,77,198,Orthodox,1995-09-10,29,14.0,7.0,1.0,,22,1.053191489361702,14-7-1,4.71,40.0,7.15,,0.0,0.0,47.0,0.0
Jonathan Micallef,f782f953bfe7b5f2,183,77,196,Southpaw,1999-03-05,26,8.0,1.0,0.0,,9,1.0710382513661203,8-1-0,4.77,43.0,4.0,,0.83,50.0,50.0,0.8
Pedro Falcao,f7be1db194e03d7e,168,61,168,Orthodox,1992-07-30,33,16.0,5.0,0.0,,21,1.0,16-5-0,3.21,48.0,3.39,,2.73,25.0,66.0,0.0
Robert Bryczek,f96856f9d69fd7e4,183,84,190,Orthodox,1990-07-04,35,18.0,6.0,0.0,,24,1.0382513661202186,18-6-0,3.74,36.0,4.08,,0.56,100.0,85.0,0.0
Joselyne Edwards,f9ab66e67240db7b,173,61,178,Orthodox,1995-09-29,29,16.0,6.0,0.0,,22,1.0289017341040463,16-6-0,4.73,53.0,3.28,,1.29,38.0,61.0,0.5
Billy Ray Goff,fa07345cc9db5cc9,178,77,183,Switch,1998-06-18,27,9.0,4.0,0.0,,13,1.0280898876404494,9-4-0,7.51,46.0,5.02,,1.75,16.0,66.0,0.0
Curtis Blaydes,fa6796c55d6c5440,193,120,203,Orthodox,1991-02-18,34,19.0,5.0,0.0,1.0,25,1.0518134715025906,19-5-0 (1 NC),3.56,50.0,2.0,,5.38,48.0,31.0,0.0
Bogdan Grad,fb37795db81f93f3,173,66,178,Orthodox,1995-09-28,29,15.0,3.0,0.0,,18,1.0289017341040463,15-3-0,4.44,51.0,5.4,,3.31,36.0,75.0,0.0
Mike Davis,fb3e61720be4690c,183,70,183,Orthodox,1992-10-07,32,12.0,3.0,0.0,,15,1.0,12-3-0,4.73,53.0,5.23,,2.4,44.0,60.0,0.8
Josh Emmett,fba03cd6cc28dc41,168,66,178,Orthodox,1985-03-04,40,19.0,5.0,0.0,,24,1.0595238095238095,19-5-0,3.75,35.0,4.46,,1.09,37.0,46.0,0.1
Torrez Finney,fbb60f24af5d5a02,173,84,190,Orthodox,1998-10-24,26,11.0,0.0,0.0,,11,1.0982658959537572,11-0-0,1.77,68.0,1.74,,9.31,60.0,0.0,1.1
Waldo Cortes-Acosta,fc08099550072fe4,193,118,198,Orthodox,1991-10-03,33,14.0,2.0,0.0,,16,1.0259067357512954,14-2-0,5.61,48.0,3.51,,0.37,50.0,71.0,0.1
Nicolle Caliari,fc0a4053eb8a3a59,160,57,157,Orthodox,1996-11-04,28,8.0,4.0,0.0,,12,0.98125,8-4-0,3.46,38.0,7.01,,2.88,24.0,0.0,1.0
Raquel Pennington,fc169c387b4b465d,170,61,170,Orthodox,1988-09-05,37,16.0,10.0,0.0,,26,1.0,16-10-0,4.1,49.0,3.32,,0.83,27.0,62.0,0.6
Chris Duncan,fd406a32a6fb3a29,178,70,180,Orthodox,1993-05-10,32,14.0,2.0,0.0,,16,1.0112359550561798,14-2-0,4.64,44.0,4.53,,3.17,42.0,50.0,0.5
Gunnar Nelson,fd55393021a8c255,180,77,183,Switch,1988-07-28,37,19.0,6.0,1.0,,26,1.0166666666666666,19-6-1,1.77,61.0,3.06,,2.0,52.0,68.0,1.0
Raul Rosas Jr.,fe2babf95de24fb1,175,61,170,Switch,2004-10-08,20,11.0,1.0,0.0,,12,0.9714285714285714,11-1-0,1.51,44.0,1.37,,4.01,41.0,0.0,1.1
Charles Radtke,feedf3053472fe56,175,77,183,Orthodox,1990-07-09,35,10.0,5.0,0.0,,15,1.0457142857142858,10-5-0,3.11,49.0,3.66,,0.49,12.0,100.0,0.0
Nazim Sadykhov,ff62013d2fce6d13,178,70,175,Southpaw,1994-05-16,31,11.0,1.0,1.0,,13,0.9831460674157303,11-1-1,5.55,50.0,5.89,,1.29,55.0,75.0,0.3
Jean Matsumoto,ffd3224638c01b57,168,61,173,Orthodox,1999-09-09,25,17.0,1.0,0.0,,18,1.0297619047619047,17-1-0,5.43,41.0,5.43,,2.14,41.0,53.0,0.6
David Onama,ffe9703408fb5964,180,66,188,Orthodox,1994-06-07,31,14.0,2.0,0.0,,16,1.0444444444444445,14-2-0,5.24,50.0,4.73,,1.08,30.0,52.0,0.5
